wildtype	mutation	position	EVE.1
L	A	6	Benign
L	C	6	Benign
L	D	6	Benign
L	V	6	Benign
I	L	15	Benign
C	D	91	Benign
C	H	91	Benign
C	Q	91	Benign
C	R	91	Benign
Q	E	94	Benign
E	P	100	Benign
E	Q	100	Benign
Y	F	101	Benign
Y	L	101	Benign
A	S	108	Benign
D	E	120	Benign
L	Q	138	Benign
L	R	138	Benign
S	T	146	Benign
T	I	161	Benign
T	S	164	Benign
R	K	170	Benign
R	Q	170	Benign
K	N	175	Benign
T	K	176	Benign
T	D	195	Benign
T	N	195	Benign
T	S	195	Benign
T	A	212	Benign
D	A	214	Benign
I	A	216	Benign
I	L	216	Benign
I	S	216	Benign
I	T	216	Benign
T	K	231	Benign
V	I	233	Benign
T	I	236	Benign
P	S	241	Benign
N	K	244	Benign
R	H	252	Benign
A	T	254	Benign
S	I	264	Benign
H	Q	318	Benign
N	S	319	Benign
G	E	323	Benign
G	K	323	Benign
R	H	332	Benign
R	P	332	Benign
R	Q	332	Benign
C	Y	348	Benign
E	G	349	Benign
W	L	353	Benign
W	Q	353	Benign
L	P	358	Benign
E	Q	368	Benign
L	I	392	Benign
L	M	392	Benign
L	T	392	Benign
G	T	394	Benign
E	G	402	Benign
E	R	402	Benign
K	E	408	Benign
D	G	411	Benign
V	A	412	Benign
D	E	414	Benign
L	P	416	Benign
L	S	416	Benign
E	G	421	Benign
E	D	438	Benign
E	G	438	Benign
E	N	438	Benign
E	S	438	Benign
E	V	438	Benign
S	A	451	Benign
S	P	451	Benign
K	R	467	Benign
V	A	487	Benign
I	A	493	Benign
I	M	493	Benign
I	P	493	Benign
I	T	493	Benign
P	A	508	Benign
P	S	508	Benign
P	T	508	Benign
M	E	531	Benign
M	K	531	Benign
M	N	531	Benign
N	D	537	Benign
T	M	539	Benign
T	V	539	Benign
S	N	551	Benign
K	E	556	Benign
S	D	561	Benign
S	Y	561	Benign
I	V	562	Benign
N	K	564	Benign
P	A	568	Benign
I	T	571	Benign
I	V	571	Benign
K	R	581	Benign
L	P	631	Benign
C	H	636	Benign
K	N	654	Benign
Y	S	655	Benign
N	K	665	Benign
G	D	671	Benign
T	I	688	Benign
T	V	688	Benign
D	A	693	Benign
T	A	696	Benign
K	N	701	Benign
A	I	705	Benign
A	K	705	Benign
A	M	705	Benign
A	T	705	Benign
A	V	705	Benign
S	F	708	Benign
K	N	711	Benign
N	S	714	Benign
T	S	715	Benign
S	N	716	Benign
E	K	717	Benign
K	Q	719	Benign
P	Q	727	Benign
K	I	731	Benign
K	L	731	Benign
K	T	731	Benign
K	V	731	Benign
K	N	734	Benign
V	I	738	Benign
K	Q	739	Benign
N	S	743	Benign
A	T	744	Benign
E	K	745	Benign
E	R	745	Benign
M	I	751	Benign
M	L	751	Benign
M	V	751	Benign
V	G	757	Benign
S	T	767	Benign
G	D	774	Benign
G	E	774	Benign
G	N	774	Benign
E	D	781	Benign
E	N	781	Benign
V	A	788	Benign
S	D	789	Benign
S	N	789	Benign
E	A	797	Benign
E	G	797	Benign
E	T	797	Benign
E	V	797	Benign
K	Q	800	Benign
F	I	808	Benign
F	S	808	Benign
F	T	808	Benign
F	V	808	Benign
G	D	813	Benign
G	E	813	Benign
G	K	813	Benign
N	A	822	Benign
N	I	822	Benign
N	P	822	Benign
N	S	822	Benign
N	T	822	Benign
Y	D	831	Benign
Y	H	831	Benign
Y	N	831	Benign
G	R	834	Benign
S	I	840	Benign
S	T	840	Benign
R	Q	841	Benign
A	I	854	Benign
A	T	854	Benign
P	I	871	Benign
P	L	871	Benign
A	L	878	Benign
A	P	878	Benign
A	Q	878	Benign
A	R	878	Benign
A	S	878	Benign
A	T	878	Benign
E	K	880	Benign
F	A	885	Benign
F	D	885	Benign
F	E	885	Benign
F	G	885	Benign
F	I	885	Benign
F	V	885	Benign
G	E	890	Benign
G	R	890	Benign
K	R	893	Benign
F	L	901	Benign
F	P	901	Benign
N	E	913	Benign
N	G	913	Benign
N	K	913	Benign
N	R	913	Benign
N	S	913	Benign
N	T	913	Benign
N	E	916	Benign
N	K	916	Benign
P	H	919	Benign
T	A	922	Benign
I	A	925	Benign
I	T	925	Benign
G	C	933	Benign
G	S	933	Benign
V	D	939	Benign
V	G	939	Benign
V	S	939	Benign
N	D	941	Benign
N	Y	941	Benign
G	I	949	Benign
G	V	949	Benign
F	L	952	Benign
L	P	954	Benign
L	Q	954	Benign
G	E	964	Benign
P	A	968	Benign
P	E	968	Benign
P	G	968	Benign
P	S	968	Benign
P	T	968	Benign
P	V	968	Benign
L	I	973	Benign
R	H	979	Benign
R	L	979	Benign
R	Q	979	Benign
P	S	982	Benign
F	S	984	Benign
F	S	989	Benign
L	S	999	Benign
N	K	1002	Benign
N	R	1002	Benign
M	L	1008	Benign
M	V	1008	Benign
E	A	1013	Benign
E	T	1013	Benign
N	S	1018	Benign
P	Q	1020	Benign
R	L	1028	Benign
R	P	1028	Benign
R	Q	1028	Benign
N	S	1034	Benign
V	A	1035	Benign
V	T	1035	Benign
N	S	1043	Benign
I	V	1061	Benign
D	G	1065	Benign
D	S	1065	Benign
M	V	1083	Benign
V	H	1088	Benign
V	L	1088	Benign
V	S	1088	Benign
L	M	1089	Benign
G	I	1100	Benign
G	L	1100	Benign
G	N	1100	Benign
G	V	1100	Benign
K	R	1110	Benign
Y	D	1113	Benign
Y	E	1113	Benign
Y	G	1113	Benign
Y	H	1113	Benign
Y	K	1113	Benign
Y	N	1113	Benign
Y	S	1113	Benign
Y	T	1113	Benign
E	G	1115	Benign
T	A	1119	Benign
Y	C	1127	Benign
G	D	1157	Benign
G	E	1157	Benign
D	N	1162	Benign
N	D	1168	Benign
N	G	1168	Benign
N	S	1168	Benign
S	K	1173	Benign
S	R	1173	Benign
S	T	1173	Benign
L	F	1186	Benign
F	L	1193	Benign
H	S	1197	Benign
Y	H	1202	Benign
Y	R	1202	Benign
R	Q	1203	Benign
K	E	1207	Benign
K	Q	1207	Benign
K	R	1207	Benign
N	S	1235	Benign
N	T	1235	Benign
I	T	1237	Benign
T	A	1246	Benign
N	K	1255	Benign
L	V	1261	Benign
T	A	1289	Benign
T	I	1289	Benign
A	G	1293	Benign
A	S	1293	Benign
A	V	1293	Benign
E	A	1302	Benign
E	V	1302	Benign
I	M	1318	Benign
G	P	1319	Benign
G	S	1319	Benign
S	P	1320	Benign
M	V	1324	Benign
S	N	1330	Benign
G	E	1332	Benign
G	F	1334	Benign
G	S	1334	Benign
G	V	1334	Benign
G	E	1348	Benign
N	D	1354	Benign
N	E	1354	Benign
N	G	1354	Benign
N	Y	1354	Benign
M	V	1361	Benign
C	Y	1372	Benign
V	H	1378	Benign
V	L	1378	Benign
H	D	1402	Benign
H	G	1402	Benign
H	I	1402	Benign
H	N	1402	Benign
H	Q	1402	Benign
H	S	1402	Benign
Y	P	1429	Benign
Y	S	1429	Benign
I	L	1432	Benign
S	A	1434	Benign
S	P	1434	Benign
S	C	1437	Benign
L	P	1439	Benign
L	S	1439	Benign
R	L	1443	Benign
R	P	1443	Benign
S	N	1448	Benign
Q	E	1458	Benign
G	S	1471	Benign
E	P	1478	Benign
E	Q	1478	Benign
E	R	1478	Benign
A	L	1481	Benign
A	P	1481	Benign
C	S	1501	Benign
P	Q	1502	Benign
S	L	1503	Benign
M	V	1510	Benign
C	H	1513	Benign
G	R	1515	Benign
Y	C	1522	Benign
Y	F	1522	Benign
Y	R	1522	Benign
Y	S	1522	Benign
E	K	1541	Benign
G	E	1543	Benign
H	Q	1545	Benign
T	M	1548	Benign
T	A	1550	Benign
T	E	1550	Benign
T	K	1550	Benign
T	L	1550	Benign
T	P	1550	Benign
T	Q	1550	Benign
T	R	1550	Benign
S	P	1587	Benign
R	D	1589	Benign
R	H	1589	Benign
R	L	1589	Benign
R	P	1589	Benign
R	Q	1589	Benign
G	C	1591	Benign
N	S	1592	Benign
I	M	1593	Benign
I	T	1593	Benign
I	V	1593	Benign
S	A	1595	Benign
S	T	1595	Benign
V	L	1602	Benign
L	F	1605	Benign
K	Q	1606	Benign
K	R	1606	Benign
Q	K	1612	Benign
D	N	1621	Benign
M	K	1628	Benign
M	L	1628	Benign
M	R	1628	Benign
A	P	1641	Benign
A	S	1641	Benign
M	I	1650	Benign
E	K	1660	Benign
E	R	1660	Benign
E	S	1660	Benign
Y	H	1666	Benign
Y	K	1666	Benign
Y	Q	1666	Benign
V	I	1688	Benign
N	D	1730	Benign
L	P	1795	Benign
V	A	1804	Benign
V	S	1804	Benign
V	T	1804	Benign
N	S	1819	Benign
