hgvs	wildtype	mutation	position	alpham
p.Pro2Ala	P	A	2	likely_benign
p.Pro2Ser	P	S	2	likely_benign
p.Pro2Thr	P	T	2	likely_benign
p.Pro2Arg	P	R	2	likely_benign
p.Pro2His	P	H	2	likely_benign
p.Pro2Leu	P	L	2	likely_benign
p.Thr3Ala	T	A	3	likely_benign
p.Thr3Pro	T	P	3	likely_benign
p.Thr3Ser	T	S	3	likely_benign
p.Thr3Asn	T	N	3	likely_benign
p.Val4Leu	V	L	4	likely_benign
p.Val4Met	V	M	4	likely_benign
p.Val4Ala	V	A	4	likely_benign
p.Val4Gly	V	G	4	likely_benign
p.Asp5His	D	H	5	likely_pathogenic
p.Asp5Tyr	D	Y	5	likely_pathogenic
p.Asp5Ala	D	A	5	likely_pathogenic
p.Asp5Val	D	V	5	likely_pathogenic
p.Asp6Asn	D	N	6	likely_benign
p.Asp6His	D	H	6	likely_benign
p.Asp6Tyr	D	Y	6	likely_benign
p.Asp6Ala	D	A	6	likely_benign
p.Asp6Gly	D	G	6	likely_benign
p.Asp6Val	D	V	6	likely_benign
p.Asp6Glu	D	E	6	likely_benign
p.Ile7Leu	I	L	7	likely_benign
p.Ile7Phe	I	F	7	likely_benign
p.Ile7Val	I	V	7	likely_benign
p.Ile7Met	I	M	7	likely_benign
p.Leu8Met	L	M	8	likely_benign
p.Leu8Val	L	V	8	likely_benign
p.Leu8Arg	L	R	8	likely_pathogenic
p.Leu8Gln	L	Q	8	likely_pathogenic
p.Leu8Pro	L	P	8	likely_pathogenic
p.Glu9Gln	E	Q	9	likely_benign
p.Glu9Lys	E	K	9	likely_benign
p.Glu9Ala	E	A	9	likely_benign
p.Glu9Gly	E	G	9	likely_benign
p.Glu9Val	E	V	9	likely_benign
p.Glu9Asp	E	D	9	likely_benign
p.Gln10Glu	Q	E	10	likely_benign
p.Gln10Lys	Q	K	10	likely_benign
p.Gln10Arg	Q	R	10	likely_benign
p.Gln10Leu	Q	L	10	likely_benign
p.Gln10His	Q	H	10	likely_benign
p.Val11Ile	V	I	11	likely_benign
p.Val11Leu	V	L	11	likely_benign
p.Val11Phe	V	F	11	likely_benign
p.Val11Ala	V	A	11	likely_benign
p.Val11Asp	V	D	11	likely_pathogenic
p.Val11Gly	V	G	11	likely_benign
p.Gly12Arg	G	R	12	likely_pathogenic
p.Gly12Trp	G	W	12	likely_pathogenic
p.Gly12Glu	G	E	12	likely_pathogenic
p.Gly12Val	G	V	12	likely_pathogenic
p.Glu13Gln	E	Q	13	likely_benign
p.Glu13Lys	E	K	13	likely_benign
p.Glu13Ala	E	A	13	likely_benign
p.Glu13Gly	E	G	13	likely_benign
p.Glu13Val	E	V	13	likely_benign
p.Glu13Asp	E	D	13	likely_benign
p.Ser14Ala	S	A	14	likely_benign
p.Ser14Pro	S	P	14	likely_benign
p.Ser14Thr	S	T	14	likely_benign
p.Ser14Cys	S	C	14	likely_benign
p.Ser14Phe	S	F	14	likely_benign
p.Ser14Tyr	S	Y	14	likely_benign
p.Gly15Ser	G	S	15	likely_benign
p.Gly15Ala	G	A	15	likely_benign
p.Trp16Arg	W	R	16	likely_benign
p.Trp16Gly	W	G	16	likely_benign
p.Trp16Leu	W	L	16	likely_benign
p.Trp16Ser	W	S	16	likely_benign
p.Trp16Cys	W	C	16	likely_benign
p.Phe17Ile	F	I	17	likely_pathogenic
p.Phe17Leu	F	L	17	likely_pathogenic
p.Phe17Val	F	V	17	likely_pathogenic
p.Phe17Cys	F	C	17	likely_pathogenic
p.Phe17Ser	F	S	17	likely_pathogenic
p.Phe17Tyr	F	Y	17	likely_benign
p.Gln18Lys	Q	K	18	likely_pathogenic
p.Gln18Arg	Q	R	18	likely_pathogenic
p.Gln18Leu	Q	L	18	likely_pathogenic
p.Gln18His	Q	H	18	likely_pathogenic
p.Lys19Gln	K	Q	19	likely_benign
p.Lys19Glu	K	E	19	likely_benign
p.Lys19Arg	K	R	19	likely_benign
p.Lys19Met	K	M	19	likely_benign
p.Lys19Thr	K	T	19	likely_benign
p.Lys19Asn	K	N	19	likely_pathogenic
p.Gln20Glu	Q	E	20	likely_benign
p.Gln20Lys	Q	K	20	likely_benign
p.Gln20Arg	Q	R	20	likely_benign
p.Gln20Leu	Q	L	20	likely_benign
p.Gln20Pro	Q	P	20	likely_benign
p.Gln20His	Q	H	20	likely_benign
p.Ala21Pro	A	P	21	likely_pathogenic
p.Ala21Ser	A	S	21	likely_benign
p.Ala21Thr	A	T	21	likely_benign
p.Ala21Gly	A	G	21	likely_benign
p.Ala21Val	A	V	21	likely_benign
p.Phe22Ile	F	I	22	likely_benign
p.Phe22Leu	F	L	22	likely_pathogenic
p.Phe22Val	F	V	22	likely_benign
p.Phe22Cys	F	C	22	likely_benign
p.Phe22Tyr	F	Y	22	likely_benign
p.Leu23Ile	L	I	23	likely_benign
p.Leu23Phe	L	F	23	likely_benign
p.Leu23Val	L	V	23	likely_benign
p.Ile24Leu	I	L	24	likely_benign
p.Ile24Phe	I	F	24	likely_benign
p.Ile24Val	I	V	24	likely_benign
p.Ile24Asn	I	N	24	likely_benign
p.Ile24Ser	I	S	24	likely_benign
p.Ile24Thr	I	T	24	likely_benign
p.Ile24Met	I	M	24	likely_benign
p.Leu25Ile	L	I	25	likely_benign
p.Leu25Val	L	V	25	likely_benign
p.Leu25Phe	L	F	25	likely_benign
p.Cys26Arg	C	R	26	likely_pathogenic
p.Cys26Gly	C	G	26	likely_benign
p.Cys26Ser	C	S	26	likely_benign
p.Cys26Phe	C	F	26	likely_benign
p.Cys26Trp	C	W	26	likely_pathogenic
p.Leu27Met	L	M	27	likely_benign
p.Leu27Val	L	V	27	likely_benign
p.Leu27Pro	L	P	27	likely_benign
p.Leu28Met	L	M	28	likely_benign
p.Leu28Val	L	V	28	likely_benign
p.Leu28Gln	L	Q	28	likely_benign
p.Leu28Pro	L	P	28	likely_benign
p.Ser29Ala	S	A	29	likely_benign
p.Ser29Pro	S	P	29	likely_benign
p.Ser29Thr	S	T	29	likely_benign
p.Ser29Trp	S	W	29	likely_pathogenic
p.Ala30Ser	A	S	30	likely_benign
p.Ala30Thr	A	T	30	likely_benign
p.Ala30Asp	A	D	30	likely_pathogenic
p.Ala30Gly	A	G	30	likely_benign
p.Ala30Val	A	V	30	likely_benign
p.Ala31Ser	A	S	31	likely_benign
p.Ala31Thr	A	T	31	likely_benign
p.Ala31Asp	A	D	31	likely_pathogenic
p.Ala31Gly	A	G	31	likely_benign
p.Ala31Val	A	V	31	likely_benign
p.Phe32Leu	F	L	32	likely_pathogenic
p.Phe32Tyr	F	Y	32	likely_benign
p.Ala33Ser	A	S	33	likely_benign
p.Ala33Thr	A	T	33	likely_benign
p.Ala33Glu	A	E	33	likely_pathogenic
p.Ala33Gly	A	G	33	likely_benign
p.Ala33Val	A	V	33	likely_benign
p.Pro34Ala	P	A	34	likely_benign
p.Pro34Ser	P	S	34	likely_benign
p.Pro34Thr	P	T	34	likely_benign
p.Pro34Arg	P	R	34	likely_pathogenic
p.Pro34His	P	H	34	likely_pathogenic
p.Ile35Leu	I	L	35	likely_benign
p.Ile35Phe	I	F	35	likely_benign
p.Ile35Val	I	V	35	likely_benign
p.Ile35Met	I	M	35	likely_benign
p.Cys36Arg	C	R	36	likely_pathogenic
p.Cys36Gly	C	G	36	likely_benign
p.Cys36Ser	C	S	36	likely_benign
p.Cys36Phe	C	F	36	likely_benign
p.Cys36Tyr	C	Y	36	likely_benign
p.Val37Ala	V	A	37	likely_benign
p.Val37Glu	V	E	37	likely_pathogenic
p.Gly38Arg	G	R	38	likely_pathogenic
p.Gly38Ser	G	S	38	likely_benign
p.Gly38Ala	G	A	38	likely_benign
p.Gly38Asp	G	D	38	likely_pathogenic
p.Gly38Val	G	V	38	likely_pathogenic
p.Ile39Leu	I	L	39	likely_benign
p.Ile39Phe	I	F	39	likely_benign
p.Ile39Val	I	V	39	likely_benign
p.Ile39Met	I	M	39	likely_benign
p.Val40Ile	V	I	40	likely_benign
p.Val40Phe	V	F	40	likely_benign
p.Val40Asp	V	D	40	likely_pathogenic
p.Val40Gly	V	G	40	likely_pathogenic
p.Phe41Ile	F	I	41	likely_pathogenic
p.Phe41Leu	F	L	41	likely_pathogenic
p.Phe41Val	F	V	41	likely_pathogenic
p.Phe41Cys	F	C	41	likely_pathogenic
p.Phe41Ser	F	S	41	likely_pathogenic
p.Phe41Tyr	F	Y	41	likely_pathogenic
p.Leu42Met	L	M	42	likely_benign
p.Leu42Val	L	V	42	likely_benign
p.Leu42Arg	L	R	42	likely_pathogenic
p.Leu42Pro	L	P	42	likely_pathogenic
p.Gly43Arg	G	R	43	likely_pathogenic
p.Gly43Cys	G	C	43	likely_pathogenic
p.Gly43Ala	G	A	43	likely_benign
p.Gly43Asp	G	D	43	likely_pathogenic
p.Gly43Val	G	V	43	likely_pathogenic
p.Phe44Ile	F	I	44	likely_benign
p.Phe44Leu	F	L	44	likely_pathogenic
p.Phe44Val	F	V	44	likely_benign
p.Phe44Cys	F	C	44	likely_pathogenic
p.Phe44Tyr	F	Y	44	likely_benign
p.Thr45Ala	T	A	45	likely_benign
p.Thr45Pro	T	P	45	likely_benign
p.Thr45Ser	T	S	45	likely_benign
p.Thr45Arg	T	R	45	likely_benign
p.Thr45Ile	T	I	45	likely_benign
p.Thr45Lys	T	K	45	likely_benign
p.Pro46Ala	P	A	46	likely_benign
p.Pro46His	P	H	46	likely_pathogenic
p.Asp47Asn	D	N	47	likely_benign
p.Asp47His	D	H	47	likely_benign
p.Asp47Tyr	D	Y	47	likely_benign
p.Asp47Ala	D	A	47	likely_benign
p.Asp47Gly	D	G	47	likely_benign
p.Asp47Val	D	V	47	likely_benign
p.Asp47Glu	D	E	47	likely_benign
p.His48Asp	H	D	48	likely_pathogenic
p.His48Tyr	H	Y	48	likely_benign
p.His48Pro	H	P	48	likely_pathogenic
p.His48Gln	H	Q	48	likely_pathogenic
p.His49Asn	H	N	49	likely_benign
p.His49Tyr	H	Y	49	likely_benign
p.His49Arg	H	R	49	likely_benign
p.His49Leu	H	L	49	likely_benign
p.His49Pro	H	P	49	likely_pathogenic
p.His49Gln	H	Q	49	likely_benign
p.Cys50Arg	C	R	50	likely_pathogenic
p.Cys50Gly	C	G	50	likely_pathogenic
p.Cys50Ser	C	S	50	likely_pathogenic
p.Cys50Phe	C	F	50	likely_pathogenic
p.Cys50Tyr	C	Y	50	likely_pathogenic
p.Cys50Trp	C	W	50	likely_pathogenic
p.Gln51Glu	Q	E	51	likely_benign
p.Gln51Lys	Q	K	51	likely_benign
p.Gln51Arg	Q	R	51	likely_benign
p.Gln51Leu	Q	L	51	likely_benign
p.Gln51Pro	Q	P	51	likely_benign
p.Gln51His	Q	H	51	likely_benign
p.Ser52Arg	S	R	52	likely_pathogenic
p.Ser52Gly	S	G	52	likely_benign
p.Ser52Asn	S	N	52	likely_benign
p.Ser52Ile	S	I	52	likely_benign
p.Ser52Thr	S	T	52	likely_benign
p.Pro53Ala	P	A	53	likely_benign
p.Pro53Ser	P	S	53	likely_benign
p.Pro53Thr	P	T	53	likely_benign
p.Pro53Arg	P	R	53	likely_benign
p.Pro53His	P	H	53	likely_benign
p.Pro53Leu	P	L	53	likely_benign
p.Gly54Arg	G	R	54	likely_benign
p.Gly54Ala	G	A	54	likely_benign
p.Gly54Glu	G	E	54	likely_benign
p.Gly54Val	G	V	54	likely_benign
p.Val55Leu	V	L	55	likely_benign
p.Val55Met	V	M	55	likely_benign
p.Val55Ala	V	A	55	likely_benign
p.Val55Gly	V	G	55	likely_benign
p.Ala56Pro	A	P	56	likely_benign
p.Ala56Ser	A	S	56	likely_benign
p.Ala56Thr	A	T	56	likely_benign
p.Ala56Asp	A	D	56	likely_benign
p.Ala56Gly	A	G	56	likely_benign
p.Ala56Val	A	V	56	likely_benign
p.Glu57Gln	E	Q	57	likely_benign
p.Glu57Lys	E	K	57	likely_benign
p.Glu57Ala	E	A	57	likely_benign
p.Glu57Gly	E	G	57	likely_benign
p.Glu57Val	E	V	57	likely_benign
p.Glu57Asp	E	D	57	likely_benign
p.Leu58Met	L	M	58	likely_benign
p.Leu58Val	L	V	58	likely_benign
p.Leu58Arg	L	R	58	likely_benign
p.Leu58Gln	L	Q	58	likely_benign
p.Leu58Pro	L	P	58	likely_pathogenic
p.Ser59Arg	S	R	59	likely_benign
p.Ser59Cys	S	C	59	likely_benign
p.Ser59Gly	S	G	59	likely_benign
p.Ser59Asn	S	N	59	likely_benign
p.Ser59Ile	S	I	59	likely_benign
p.Ser59Thr	S	T	59	likely_benign
p.Gln60Glu	Q	E	60	likely_benign
p.Gln60Lys	Q	K	60	likely_benign
p.Gln60Arg	Q	R	60	likely_benign
p.Gln60Leu	Q	L	60	likely_benign
p.Gln60Pro	Q	P	60	likely_benign
p.Gln60His	Q	H	60	likely_benign
p.Arg61Cys	R	C	61	likely_benign
p.Arg61Gly	R	G	61	likely_benign
p.Arg61Ser	R	S	61	likely_benign
p.Arg61His	R	H	61	likely_benign
p.Arg61Leu	R	L	61	likely_benign
p.Cys62Arg	C	R	62	likely_pathogenic
p.Cys62Gly	C	G	62	likely_pathogenic
p.Cys62Ser	C	S	62	likely_pathogenic
p.Cys62Phe	C	F	62	likely_pathogenic
p.Cys62Tyr	C	Y	62	likely_pathogenic
p.Cys62Trp	C	W	62	likely_pathogenic
p.Gly63Arg	G	R	63	likely_benign
p.Gly63Ser	G	S	63	likely_benign
p.Gly63Ala	G	A	63	likely_benign
p.Gly63Asp	G	D	63	likely_benign
p.Gly63Val	G	V	63	likely_benign
p.Trp64Arg	W	R	64	likely_pathogenic
p.Trp64Gly	W	G	64	likely_pathogenic
p.Trp64Leu	W	L	64	likely_pathogenic
p.Trp64Ser	W	S	64	likely_pathogenic
p.Trp64Cys	W	C	64	likely_pathogenic
p.Ser65Gly	S	G	65	likely_benign
p.Ser65Asn	S	N	65	likely_benign
p.Ser65Thr	S	T	65	likely_benign
p.Pro66Ala	P	A	66	likely_benign
p.Pro66Ser	P	S	66	likely_benign
p.Pro66Thr	P	T	66	likely_benign
p.Pro66Arg	P	R	66	likely_benign
p.Pro66His	P	H	66	likely_benign
p.Pro66Leu	P	L	66	likely_benign
p.Ala67Pro	A	P	67	likely_benign
p.Ala67Ser	A	S	67	likely_benign
p.Ala67Thr	A	T	67	likely_benign
p.Ala67Glu	A	E	67	likely_benign
p.Ala67Gly	A	G	67	likely_benign
p.Ala67Val	A	V	67	likely_benign
p.Glu68Gln	E	Q	68	likely_benign
p.Glu68Lys	E	K	68	likely_benign
p.Glu68Ala	E	A	68	likely_benign
p.Glu68Gly	E	G	68	likely_benign
p.Glu68Val	E	V	68	likely_benign
p.Glu68Asp	E	D	68	likely_benign
p.Glu69Gln	E	Q	69	likely_benign
p.Glu69Lys	E	K	69	likely_benign
p.Glu69Ala	E	A	69	likely_benign
p.Glu69Gly	E	G	69	likely_benign
p.Glu69Val	E	V	69	likely_benign
p.Leu70Met	L	M	70	likely_benign
p.Leu70Val	L	V	70	likely_benign
p.Leu70Arg	L	R	70	likely_benign
p.Leu70Gln	L	Q	70	likely_benign
p.Leu70Pro	L	P	70	likely_pathogenic
p.Asn71Asp	N	D	71	likely_benign
p.Asn71His	N	H	71	likely_benign
p.Asn71Tyr	N	Y	71	likely_benign
p.Asn71Ser	N	S	71	likely_benign
p.Asn71Thr	N	T	71	likely_benign
p.Asn71Lys	N	K	71	likely_benign
p.Tyr72Asn	Y	N	72	likely_benign
p.Tyr72Asp	Y	D	72	likely_benign
p.Tyr72His	Y	H	72	likely_benign
p.Tyr72Cys	Y	C	72	likely_benign
p.Tyr72Phe	Y	F	72	likely_benign
p.Tyr72Ser	Y	S	72	likely_benign
p.Thr73Ala	T	A	73	likely_benign
p.Thr73Pro	T	P	73	likely_pathogenic
p.Thr73Ser	T	S	73	likely_benign
p.Thr73Arg	T	R	73	likely_pathogenic
p.Thr73Ile	T	I	73	likely_pathogenic
p.Thr73Lys	T	K	73	likely_pathogenic
p.Val74Leu	V	L	74	likely_benign
p.Val74Met	V	M	74	likely_benign
p.Val74Ala	V	A	74	likely_benign
p.Val74Glu	V	E	74	likely_benign
p.Val74Gly	V	G	74	likely_benign
p.Pro75Ala	P	A	75	likely_benign
p.Pro75Ser	P	S	75	likely_benign
p.Pro75Thr	P	T	75	likely_benign
p.Pro75Arg	P	R	75	likely_benign
p.Pro75Gln	P	Q	75	likely_benign
p.Pro75Leu	P	L	75	likely_benign
p.Gly76Arg	G	R	76	likely_benign
p.Gly76Cys	G	C	76	likely_benign
p.Gly76Ser	G	S	76	likely_benign
p.Gly76Ala	G	A	76	likely_benign
p.Gly76Asp	G	D	76	likely_benign
p.Gly76Val	G	V	76	likely_benign
p.Leu77Met	L	M	77	likely_benign
p.Leu77Val	L	V	77	likely_benign
p.Leu77Arg	L	R	77	likely_benign
p.Leu77Gln	L	Q	77	likely_benign
p.Leu77Pro	L	P	77	likely_benign
p.Gly78Arg	G	R	78	likely_benign
p.Gly78Trp	G	W	78	likely_benign
p.Gly78Ala	G	A	78	likely_benign
p.Gly78Glu	G	E	78	likely_benign
p.Gly78Val	G	V	78	likely_benign
p.Pro79Ala	P	A	79	likely_benign
p.Pro79Ser	P	S	79	likely_benign
p.Pro79Thr	P	T	79	likely_benign
p.Pro79Arg	P	R	79	likely_benign
p.Pro79His	P	H	79	likely_benign
p.Pro79Leu	P	L	79	likely_benign
p.Ala80Pro	A	P	80	likely_benign
p.Ala80Ser	A	S	80	likely_benign
p.Ala80Thr	A	T	80	likely_benign
p.Ala80Glu	A	E	80	likely_benign
p.Ala80Gly	A	G	80	likely_benign
p.Ala80Val	A	V	80	likely_benign
p.Gly81Arg	G	R	81	likely_benign
p.Gly81Ser	G	S	81	likely_benign
p.Gly81Ala	G	A	81	likely_benign
p.Gly81Asp	G	D	81	likely_benign
p.Gly81Val	G	V	81	likely_benign
p.Glu82Gln	E	Q	82	likely_benign
p.Glu82Lys	E	K	82	likely_benign
p.Glu82Ala	E	A	82	likely_benign
p.Glu82Gly	E	G	82	likely_benign
p.Glu82Val	E	V	82	likely_benign
p.Glu82Asp	E	D	82	likely_benign
p.Ala83Pro	A	P	83	likely_benign
p.Ala83Ser	A	S	83	likely_benign
p.Ala83Thr	A	T	83	likely_benign
p.Ala83Asp	A	D	83	likely_benign
p.Ala83Gly	A	G	83	likely_benign
p.Ala83Val	A	V	83	likely_benign
p.Phe84Ile	F	I	84	likely_benign
p.Phe84Leu	F	L	84	likely_pathogenic
p.Phe84Val	F	V	84	likely_benign
p.Phe84Ser	F	S	84	likely_benign
p.Phe84Tyr	F	Y	84	likely_benign
p.Leu85Ile	L	I	85	likely_benign
p.Leu85Phe	L	F	85	likely_benign
p.Leu85Val	L	V	85	likely_benign
p.Leu85Arg	L	R	85	likely_benign
p.Leu85His	L	H	85	likely_benign
p.Leu85Pro	L	P	85	likely_benign
p.Gly86Arg	G	R	86	likely_benign
p.Gly86Cys	G	C	86	likely_benign
p.Gly86Ser	G	S	86	likely_benign
p.Gly86Ala	G	A	86	likely_benign
p.Gly86Asp	G	D	86	likely_benign
p.Gly86Val	G	V	86	likely_benign
p.Gln87Glu	Q	E	87	likely_benign
p.Gln87Lys	Q	K	87	likely_benign
p.Gln87Arg	Q	R	87	likely_benign
p.Gln87Leu	Q	L	87	likely_benign
p.Gln87Pro	Q	P	87	likely_benign
p.Gln87His	Q	H	87	likely_benign
p.Cys88Arg	C	R	88	likely_pathogenic
p.Cys88Gly	C	G	88	likely_pathogenic
p.Cys88Ser	C	S	88	likely_pathogenic
p.Cys88Phe	C	F	88	likely_pathogenic
p.Cys88Tyr	C	Y	88	likely_pathogenic
p.Cys88Trp	C	W	88	likely_pathogenic
p.Arg89Gly	R	G	89	likely_benign
p.Arg89Trp	R	W	89	likely_benign
p.Arg89Lys	R	K	89	likely_benign
p.Arg89Met	R	M	89	likely_benign
p.Arg89Thr	R	T	89	likely_benign
p.Arg89Ser	R	S	89	likely_benign
p.Arg90Cys	R	C	90	likely_benign
p.Arg90Gly	R	G	90	likely_benign
p.Arg90His	R	H	90	likely_benign
p.Arg90Leu	R	L	90	likely_benign
p.Arg90Pro	R	P	90	likely_pathogenic
p.Tyr91Asn	Y	N	91	likely_pathogenic
p.Tyr91Asp	Y	D	91	likely_pathogenic
p.Tyr91Cys	Y	C	91	likely_pathogenic
p.Tyr91Phe	Y	F	91	likely_benign
p.Tyr91Ser	Y	S	91	likely_pathogenic
p.Glu92Gln	E	Q	92	likely_benign
p.Glu92Lys	E	K	92	likely_benign
p.Glu92Ala	E	A	92	likely_benign
p.Glu92Gly	E	G	92	likely_benign
p.Glu92Val	E	V	92	likely_benign
p.Glu92Asp	E	D	92	likely_benign
p.Val93Leu	V	L	93	likely_benign
p.Val93Met	V	M	93	likely_benign
p.Val93Ala	V	A	93	likely_benign
p.Val93Gly	V	G	93	likely_benign
p.Asp94Asn	D	N	94	likely_benign
p.Asp94Tyr	D	Y	94	likely_benign
p.Asp94Ala	D	A	94	likely_benign
p.Asp94Gly	D	G	94	likely_benign
p.Asp94Val	D	V	94	likely_benign
p.Asp94Glu	D	E	94	likely_benign
p.Trp95Arg	W	R	95	likely_pathogenic
p.Trp95Gly	W	G	95	likely_pathogenic
p.Trp95Leu	W	L	95	likely_pathogenic
p.Trp95Ser	W	S	95	likely_pathogenic
p.Trp95Cys	W	C	95	likely_pathogenic
p.Asn96Asp	N	D	96	likely_benign
p.Asn96His	N	H	96	likely_benign
p.Asn96Ile	N	I	96	likely_pathogenic
p.Asn96Ser	N	S	96	likely_benign
p.Gln97Glu	Q	E	97	likely_benign
p.Gln97Lys	Q	K	97	likely_benign
p.Gln97Arg	Q	R	97	likely_benign
p.Gln97Leu	Q	L	97	likely_benign
p.Gln97Pro	Q	P	97	likely_benign
p.Gln97His	Q	H	97	likely_benign
p.Ser98Gly	S	G	98	likely_benign
p.Ser98Asn	S	N	98	likely_benign
p.Ser98Thr	S	T	98	likely_benign
p.Ala99Pro	A	P	99	likely_benign
p.Ala99Ser	A	S	99	likely_benign
p.Ala99Thr	A	T	99	likely_benign
p.Ala99Asp	A	D	99	likely_benign
p.Ala99Gly	A	G	99	likely_benign
p.Ala99Val	A	V	99	likely_benign
p.Leu100Ile	L	I	100	likely_benign
p.Leu100Phe	L	F	100	likely_benign
p.Leu100Val	L	V	100	likely_benign
p.Leu100Arg	L	R	100	likely_benign
p.Leu100His	L	H	100	likely_benign
p.Leu100Pro	L	P	100	likely_benign
p.Ser101Arg	S	R	101	likely_benign
p.Ser101Gly	S	G	101	likely_benign
p.Ser101Asn	S	N	101	likely_benign
p.Ser101Ile	S	I	101	likely_benign
p.Ser101Thr	S	T	101	likely_benign
p.Cys102Arg	C	R	102	likely_pathogenic
p.Cys102Gly	C	G	102	likely_pathogenic
p.Cys102Ser	C	S	102	likely_pathogenic
p.Cys102Phe	C	F	102	likely_pathogenic
p.Cys102Tyr	C	Y	102	likely_pathogenic
p.Cys102Trp	C	W	102	likely_pathogenic
p.Val103Ile	V	I	103	likely_benign
p.Val103Leu	V	L	103	likely_benign
p.Val103Ala	V	A	103	likely_benign
p.Val103Glu	V	E	103	likely_benign
p.Val103Gly	V	G	103	likely_benign
p.Asp104Asn	D	N	104	likely_benign
p.Asp104His	D	H	104	likely_benign
p.Asp104Tyr	D	Y	104	likely_benign
p.Asp104Ala	D	A	104	likely_benign
p.Asp104Glu	D	E	104	likely_benign
p.Pro105Ala	P	A	105	likely_benign
p.Pro105Thr	P	T	105	likely_benign
p.Leu106Met	L	M	106	likely_benign
p.Leu106Val	L	V	106	likely_benign
p.Leu106Arg	L	R	106	likely_benign
p.Leu106Gln	L	Q	106	likely_benign
p.Leu106Pro	L	P	106	likely_benign
p.Ala107Pro	A	P	107	likely_benign
p.Ala107Ser	A	S	107	likely_benign
p.Ala107Thr	A	T	107	likely_benign
p.Ala107Asp	A	D	107	likely_benign
p.Ala107Gly	A	G	107	likely_benign
p.Ala107Val	A	V	107	likely_benign
p.Ser108Arg	S	R	108	likely_benign
p.Ser108Cys	S	C	108	likely_benign
p.Ser108Gly	S	G	108	likely_benign
p.Ser108Asn	S	N	108	likely_benign
p.Ser108Ile	S	I	108	likely_benign
p.Ser108Thr	S	T	108	likely_benign
p.Leu109Met	L	M	109	likely_benign
p.Leu109Val	L	V	109	likely_benign
p.Leu109Arg	L	R	109	likely_benign
p.Leu109Gln	L	Q	109	likely_benign
p.Leu109Pro	L	P	109	likely_benign
p.Ala110Pro	A	P	110	likely_benign
p.Ala110Ser	A	S	110	likely_benign
p.Ala110Thr	A	T	110	likely_benign
p.Ala110Asp	A	D	110	likely_benign
p.Ala110Gly	A	G	110	likely_benign
p.Ala110Val	A	V	110	likely_benign
p.Thr111Ala	T	A	111	likely_benign
p.Thr111Pro	T	P	111	likely_benign
p.Thr111Ser	T	S	111	likely_benign
p.Thr111Asn	T	N	111	likely_benign
p.Thr111Ile	T	I	111	likely_benign
p.Asn112Asp	N	D	112	likely_benign
p.Asn112His	N	H	112	likely_benign
p.Asn112Tyr	N	Y	112	likely_benign
p.Asn112Ile	N	I	112	likely_benign
p.Asn112Ser	N	S	112	likely_benign
p.Asn112Thr	N	T	112	likely_benign
p.Asn112Lys	N	K	112	likely_benign
p.Arg113Gly	R	G	113	likely_benign
p.Arg113Trp	R	W	113	likely_benign
p.Arg113Lys	R	K	113	likely_benign
p.Arg113Met	R	M	113	likely_benign
p.Arg113Thr	R	T	113	likely_benign
p.Arg113Ser	R	S	113	likely_benign
p.Ser114Gly	S	G	114	likely_benign
p.Ser114Asn	S	N	114	likely_benign
p.Ser114Ile	S	I	114	likely_benign
p.Ser114Thr	S	T	114	likely_benign
p.His115Asn	H	N	115	likely_benign
p.His115Asp	H	D	115	likely_benign
p.His115Tyr	H	Y	115	likely_benign
p.His115Arg	H	R	115	likely_benign
p.His115Leu	H	L	115	likely_benign
p.His115Pro	H	P	115	likely_benign
p.His115Gln	H	Q	115	likely_benign
p.Leu116Met	L	M	116	likely_benign
p.Leu116Val	L	V	116	likely_benign
p.Leu116Arg	L	R	116	likely_benign
p.Leu116Gln	L	Q	116	likely_benign
p.Leu116Pro	L	P	116	likely_benign
p.Pro117Ala	P	A	117	likely_benign
p.Pro117Ser	P	S	117	likely_benign
p.Pro117Thr	P	T	117	likely_benign
p.Pro117Arg	P	R	117	likely_benign
p.Pro117Gln	P	Q	117	likely_benign
p.Pro117Leu	P	L	117	likely_benign
p.Leu118Met	L	M	118	likely_benign
p.Leu118Val	L	V	118	likely_benign
p.Leu118Arg	L	R	118	likely_benign
p.Leu118Gln	L	Q	118	likely_benign
p.Leu118Pro	L	P	118	likely_benign
p.Gly119Arg	G	R	119	likely_benign
p.Gly119Cys	G	C	119	likely_benign
p.Gly119Ser	G	S	119	likely_benign
p.Gly119Ala	G	A	119	likely_benign
p.Gly119Asp	G	D	119	likely_benign
p.Gly119Val	G	V	119	likely_benign
p.Pro120Ala	P	A	120	likely_benign
p.Pro120Ser	P	S	120	likely_benign
p.Pro120Thr	P	T	120	likely_benign
p.Pro120Arg	P	R	120	likely_benign
p.Pro120His	P	H	120	likely_benign
p.Pro120Leu	P	L	120	likely_benign
p.Cys121Arg	C	R	121	likely_pathogenic
p.Cys121Gly	C	G	121	likely_pathogenic
p.Cys121Ser	C	S	121	likely_pathogenic
p.Cys121Phe	C	F	121	likely_pathogenic
p.Cys121Tyr	C	Y	121	likely_pathogenic
p.Cys121Trp	C	W	121	likely_pathogenic
p.Gln122Glu	Q	E	122	likely_benign
p.Gln122Lys	Q	K	122	likely_benign
p.Gln122Arg	Q	R	122	likely_benign
p.Gln122Leu	Q	L	122	likely_benign
p.Gln122Pro	Q	P	122	likely_benign
p.Gln122His	Q	H	122	likely_benign
p.Asp123Asn	D	N	123	likely_benign
p.Asp123His	D	H	123	likely_benign
p.Asp123Tyr	D	Y	123	likely_benign
p.Asp123Ala	D	A	123	likely_benign
p.Asp123Gly	D	G	123	likely_benign
p.Asp123Val	D	V	123	likely_benign
p.Asp123Glu	D	E	123	likely_benign
p.Gly124Arg	G	R	124	likely_benign
p.Gly124Cys	G	C	124	likely_pathogenic
p.Gly124Ser	G	S	124	likely_benign
p.Gly124Ala	G	A	124	likely_benign
p.Gly124Asp	G	D	124	likely_benign
p.Trp125Arg	W	R	125	likely_pathogenic
p.Trp125Gly	W	G	125	likely_pathogenic
p.Trp125Leu	W	L	125	likely_pathogenic
p.Trp125Ser	W	S	125	likely_pathogenic
p.Trp125Cys	W	C	125	likely_pathogenic
p.Val126Leu	V	L	126	likely_benign
p.Val126Met	V	M	126	likely_benign
p.Val126Ala	V	A	126	likely_benign
p.Val126Glu	V	E	126	likely_benign
p.Val126Gly	V	G	126	likely_benign
p.Tyr127Asn	Y	N	127	likely_pathogenic
p.Tyr127Asp	Y	D	127	likely_pathogenic
p.Tyr127His	Y	H	127	likely_pathogenic
p.Tyr127Cys	Y	C	127	likely_pathogenic
p.Tyr127Phe	Y	F	127	likely_benign
p.Tyr127Ser	Y	S	127	likely_pathogenic
p.Asp128Asn	D	N	128	likely_benign
p.Asp128His	D	H	128	likely_benign
p.Asp128Tyr	D	Y	128	likely_benign
p.Asp128Ala	D	A	128	likely_benign
p.Asp128Gly	D	G	128	likely_benign
p.Asp128Val	D	V	128	likely_benign
p.Asp128Glu	D	E	128	likely_benign
p.Thr129Ala	T	A	129	likely_benign
p.Thr129Pro	T	P	129	likely_benign
p.Thr129Ser	T	S	129	likely_benign
p.Thr129Arg	T	R	129	likely_benign
p.Thr129Lys	T	K	129	likely_benign
p.Thr129Met	T	M	129	likely_benign
p.Pro130Ala	P	A	130	likely_benign
p.Pro130Ser	P	S	130	likely_benign
p.Pro130Thr	P	T	130	likely_benign
p.Pro130Arg	P	R	130	likely_benign
p.Pro130His	P	H	130	likely_benign
p.Pro130Leu	P	L	130	likely_benign
p.Gly131Arg	G	R	131	likely_benign
p.Gly131Ser	G	S	131	likely_benign
p.Gly131Ala	G	A	131	likely_benign
p.Gly131Asp	G	D	131	likely_benign
p.Gly131Val	G	V	131	likely_benign
p.Ser132Ala	S	A	132	likely_benign
p.Ser132Pro	S	P	132	likely_benign
p.Ser132Thr	S	T	132	likely_benign
p.Ser132Cys	S	C	132	likely_benign
p.Ser132Phe	S	F	132	likely_benign
p.Ser132Tyr	S	Y	132	likely_benign
p.Ser133Pro	S	P	133	likely_pathogenic
p.Ser133Thr	S	T	133	likely_benign
p.Ser133Phe	S	F	133	likely_pathogenic
p.Ser133Tyr	S	Y	133	likely_pathogenic
p.Ile134Leu	I	L	134	likely_benign
p.Ile134Phe	I	F	134	likely_benign
p.Ile134Val	I	V	134	likely_benign
p.Ile134Asn	I	N	134	likely_pathogenic
p.Ile134Ser	I	S	134	likely_pathogenic
p.Ile134Met	I	M	134	likely_benign
p.Val135Ile	V	I	135	likely_benign
p.Val135Leu	V	L	135	likely_pathogenic
p.Val135Phe	V	F	135	likely_pathogenic
p.Val135Ala	V	A	135	likely_benign
p.Val135Asp	V	D	135	likely_pathogenic
p.Thr136Ala	T	A	136	likely_benign
p.Thr136Ser	T	S	136	likely_benign
p.Thr136Ile	T	I	136	likely_pathogenic
p.Glu137Gln	E	Q	137	likely_benign
p.Glu137Lys	E	K	137	likely_pathogenic
p.Glu137Gly	E	G	137	likely_pathogenic
p.Glu137Val	E	V	137	likely_pathogenic
p.Phe138Ile	F	I	138	likely_pathogenic
p.Phe138Leu	F	L	138	likely_pathogenic
p.Phe138Val	F	V	138	likely_pathogenic
p.Phe138Cys	F	C	138	likely_pathogenic
p.Phe138Ser	F	S	138	likely_pathogenic
p.Phe138Tyr	F	Y	138	likely_benign
p.Asn139Asp	N	D	139	likely_benign
p.Asn139His	N	H	139	likely_benign
p.Asn139Ile	N	I	139	likely_pathogenic
p.Asn139Ser	N	S	139	likely_benign
p.Leu140Met	L	M	140	likely_benign
p.Leu140Val	L	V	140	likely_benign
p.Leu140Arg	L	R	140	likely_pathogenic
p.Leu140Gln	L	Q	140	likely_pathogenic
p.Leu140Pro	L	P	140	likely_pathogenic
p.Val141Leu	V	L	141	likely_pathogenic
p.Val141Met	V	M	141	likely_pathogenic
p.Val141Glu	V	E	141	likely_pathogenic
p.Cys142Arg	C	R	142	likely_pathogenic
p.Cys142Gly	C	G	142	likely_pathogenic
p.Cys142Ser	C	S	142	likely_pathogenic
p.Cys142Phe	C	F	142	likely_pathogenic
p.Cys142Tyr	C	Y	142	likely_pathogenic
p.Cys142Trp	C	W	142	likely_pathogenic
p.Ala143Pro	A	P	143	likely_benign
p.Ala143Ser	A	S	143	likely_benign
p.Ala143Thr	A	T	143	likely_benign
p.Ala143Asp	A	D	143	likely_benign
p.Ala143Gly	A	G	143	likely_benign
p.Ala143Val	A	V	143	likely_benign
p.Asp144Asn	D	N	144	likely_benign
p.Asp144His	D	H	144	likely_benign
p.Asp144Tyr	D	Y	144	likely_benign
p.Asp144Ala	D	A	144	likely_benign
p.Asp144Gly	D	G	144	likely_benign
p.Asp144Glu	D	E	144	likely_benign
p.Ser145Ala	S	A	145	likely_benign
p.Ser145Thr	S	T	145	likely_benign
p.Ser145Cys	S	C	145	likely_benign
p.Ser145Phe	S	F	145	likely_benign
p.Ser145Tyr	S	Y	145	likely_benign
p.Trp146Arg	W	R	146	likely_pathogenic
p.Trp146Leu	W	L	146	likely_pathogenic
p.Trp146Ser	W	S	146	likely_pathogenic
p.Trp146Cys	W	C	146	likely_pathogenic
p.Lys147Gln	K	Q	147	likely_benign
p.Lys147Arg	K	R	147	likely_benign
p.Lys147Met	K	M	147	likely_benign
p.Lys147Thr	K	T	147	likely_pathogenic
p.Lys147Asn	K	N	147	likely_pathogenic
p.Leu148Met	L	M	148	likely_benign
p.Leu148Val	L	V	148	likely_benign
p.Leu148Arg	L	R	148	likely_benign
p.Leu148Gln	L	Q	148	likely_benign
p.Leu148Pro	L	P	148	likely_benign
p.Asp149Asn	D	N	149	likely_pathogenic
p.Asp149His	D	H	149	likely_pathogenic
p.Asp149Tyr	D	Y	149	likely_pathogenic
p.Asp149Ala	D	A	149	likely_pathogenic
p.Asp149Gly	D	G	149	likely_pathogenic
p.Asp149Val	D	V	149	likely_pathogenic
p.Asp149Glu	D	E	149	likely_pathogenic
p.Leu150Ile	L	I	150	likely_benign
p.Leu150Phe	L	F	150	likely_benign
p.Leu150Val	L	V	150	likely_benign
p.Leu150Arg	L	R	150	likely_pathogenic
p.Leu150His	L	H	150	likely_pathogenic
p.Leu150Pro	L	P	150	likely_pathogenic
p.Phe151Ile	F	I	151	likely_benign
p.Phe151Leu	F	L	151	likely_pathogenic
p.Phe151Val	F	V	151	likely_benign
p.Phe151Tyr	F	Y	151	likely_benign
p.Gln152Glu	Q	E	152	likely_benign
p.Gln152Lys	Q	K	152	likely_pathogenic
p.Gln152Pro	Q	P	152	likely_pathogenic
p.Gln152His	Q	H	152	likely_pathogenic
p.Ser153Ala	S	A	153	likely_benign
p.Ser153Pro	S	P	153	likely_pathogenic
p.Ser153Thr	S	T	153	likely_benign
p.Ser153Cys	S	C	153	likely_benign
p.Ser153Phe	S	F	153	likely_pathogenic
p.Ser153Tyr	S	Y	153	likely_pathogenic
p.Cys154Arg	C	R	154	likely_pathogenic
p.Cys154Gly	C	G	154	likely_benign
p.Cys154Ser	C	S	154	likely_benign
p.Cys154Phe	C	F	154	likely_benign
p.Cys154Trp	C	W	154	likely_pathogenic
p.Leu155Met	L	M	155	likely_benign
p.Leu155Val	L	V	155	likely_benign
p.Leu155Phe	L	F	155	likely_benign
p.Asn156His	N	H	156	likely_benign
p.Asn156Tyr	N	Y	156	likely_benign
p.Asn156Ser	N	S	156	likely_benign
p.Asn156Thr	N	T	156	likely_benign
p.Asn156Lys	N	K	156	likely_pathogenic
p.Ala157Pro	A	P	157	likely_pathogenic
p.Ala157Ser	A	S	157	likely_benign
p.Ala157Thr	A	T	157	likely_benign
p.Ala157Glu	A	E	157	likely_pathogenic
p.Ala157Gly	A	G	157	likely_benign
p.Ala157Val	A	V	157	likely_benign
p.Gly158Arg	G	R	158	likely_pathogenic
p.Gly158Cys	G	C	158	likely_pathogenic
p.Gly158Asp	G	D	158	likely_pathogenic
p.Gly158Val	G	V	158	likely_pathogenic
p.Phe159Leu	F	L	159	likely_pathogenic
p.Phe159Ser	F	S	159	likely_pathogenic
p.Phe159Tyr	F	Y	159	likely_benign
p.Leu160Met	L	M	160	likely_benign
p.Leu160Val	L	V	160	likely_benign
p.Leu160Ser	L	S	160	likely_pathogenic
p.Leu160Phe	L	F	160	likely_benign
p.Phe161Ile	F	I	161	likely_benign
p.Phe161Leu	F	L	161	likely_benign
p.Phe161Val	F	V	161	likely_benign
p.Phe161Cys	F	C	161	likely_benign
p.Phe161Ser	F	S	161	likely_benign
p.Gly162Arg	G	R	162	likely_pathogenic
p.Gly162Cys	G	C	162	likely_pathogenic
p.Gly162Ser	G	S	162	likely_benign
p.Gly162Asp	G	D	162	likely_pathogenic
p.Gly162Val	G	V	162	likely_pathogenic
p.Ser163Ala	S	A	163	likely_benign
p.Ser163Pro	S	P	163	likely_pathogenic
p.Ser163Thr	S	T	163	likely_benign
p.Ser163Cys	S	C	163	likely_benign
p.Leu164Ile	L	I	164	likely_benign
p.Leu164Phe	L	F	164	likely_benign
p.Leu164Val	L	V	164	likely_benign
p.Leu164Arg	L	R	164	likely_pathogenic
p.Leu164His	L	H	164	likely_pathogenic
p.Gly165Arg	G	R	165	likely_pathogenic
p.Gly165Cys	G	C	165	likely_benign
p.Gly165Ser	G	S	165	likely_benign
p.Gly165Ala	G	A	165	likely_benign
p.Gly165Asp	G	D	165	likely_pathogenic
p.Gly165Val	G	V	165	likely_benign
p.Val166Ile	V	I	166	likely_benign
p.Val166Leu	V	L	166	likely_benign
p.Val166Phe	V	F	166	likely_benign
p.Val166Ala	V	A	166	likely_benign
p.Val166Asp	V	D	166	likely_pathogenic
p.Val166Gly	V	G	166	likely_benign
p.Gly167Arg	G	R	167	likely_pathogenic
p.Gly167Ser	G	S	167	likely_benign
p.Gly167Asp	G	D	167	likely_pathogenic
p.Gly167Val	G	V	167	likely_pathogenic
p.Tyr168His	Y	H	168	likely_benign
p.Tyr168Cys	Y	C	168	likely_benign
p.Tyr168Phe	Y	F	168	likely_benign
p.Tyr168Ser	Y	S	168	likely_benign
p.Phe169Ile	F	I	169	likely_benign
p.Phe169Leu	F	L	169	likely_benign
p.Phe169Val	F	V	169	likely_benign
p.Phe169Cys	F	C	169	likely_benign
p.Phe169Ser	F	S	169	likely_benign
p.Phe169Tyr	F	Y	169	likely_benign
p.Ala170Pro	A	P	170	likely_pathogenic
p.Ala170Ser	A	S	170	likely_benign
p.Ala170Thr	A	T	170	likely_benign
p.Ala170Glu	A	E	170	likely_pathogenic
p.Ala170Gly	A	G	170	likely_benign
p.Asp171Asn	D	N	171	likely_pathogenic
p.Asp171His	D	H	171	likely_pathogenic
p.Asp171Tyr	D	Y	171	likely_pathogenic
p.Asp171Ala	D	A	171	likely_pathogenic
p.Asp171Gly	D	G	171	likely_pathogenic
p.Asp171Val	D	V	171	likely_pathogenic
p.Asp171Glu	D	E	171	likely_pathogenic
p.Arg172Trp	R	W	172	likely_benign
p.Arg172Lys	R	K	172	likely_benign
p.Arg172Ser	R	S	172	likely_pathogenic
p.Phe173Ile	F	I	173	likely_benign
p.Phe173Leu	F	L	173	likely_pathogenic
p.Phe173Val	F	V	173	likely_benign
p.Phe173Cys	F	C	173	likely_benign
p.Phe173Tyr	F	Y	173	likely_benign
p.Gly174Arg	G	R	174	likely_pathogenic
p.Gly174Cys	G	C	174	likely_pathogenic
p.Gly174Ser	G	S	174	likely_pathogenic
p.Gly174Ala	G	A	174	likely_pathogenic
p.Gly174Asp	G	D	174	likely_pathogenic
p.Gly174Val	G	V	174	likely_pathogenic
p.Arg175Cys	R	C	175	likely_pathogenic
p.Arg175Gly	R	G	175	likely_pathogenic
p.Arg175Ser	R	S	175	likely_pathogenic
p.Arg175His	R	H	175	likely_pathogenic
p.Arg175Leu	R	L	175	likely_pathogenic
p.Arg175Pro	R	P	175	likely_pathogenic
p.Lys176Gln	K	Q	176	likely_benign
p.Lys176Glu	K	E	176	likely_pathogenic
p.Lys176Arg	K	R	176	likely_benign
p.Lys176Thr	K	T	176	likely_pathogenic
p.Lys176Asn	K	N	176	likely_pathogenic
p.Leu177Met	L	M	177	likely_benign
p.Leu177Val	L	V	177	likely_benign
p.Leu177Arg	L	R	177	likely_benign
p.Leu177Gln	L	Q	177	likely_benign
p.Leu177Pro	L	P	177	likely_benign
p.Cys178Arg	C	R	178	likely_pathogenic
p.Cys178Gly	C	G	178	likely_benign
p.Cys178Ser	C	S	178	likely_benign
p.Cys178Phe	C	F	178	likely_benign
p.Cys178Tyr	C	Y	178	likely_pathogenic
p.Cys178Trp	C	W	178	likely_pathogenic
p.Leu179Ile	L	I	179	likely_benign
p.Leu179Phe	L	F	179	likely_benign
p.Leu179Val	L	V	179	likely_benign
p.Leu179Arg	L	R	179	likely_pathogenic
p.Leu179His	L	H	179	likely_pathogenic
p.Leu179Pro	L	P	179	likely_pathogenic
p.Leu180Met	L	M	180	likely_benign
p.Leu180Val	L	V	180	likely_benign
p.Leu180Gln	L	Q	180	likely_benign
p.Leu180Pro	L	P	180	likely_pathogenic
p.Gly181Arg	G	R	181	likely_pathogenic
p.Gly181Ala	G	A	181	likely_benign
p.Gly181Glu	G	E	181	likely_pathogenic
p.Gly181Val	G	V	181	likely_benign
p.Thr182Ala	T	A	182	likely_benign
p.Thr182Pro	T	P	182	likely_benign
p.Thr182Ser	T	S	182	likely_benign
p.Thr182Asn	T	N	182	likely_benign
p.Val183Leu	V	L	183	likely_benign
p.Val183Met	V	M	183	likely_benign
p.Val183Ala	V	A	183	likely_benign
p.Val183Glu	V	E	183	likely_pathogenic
p.Val183Gly	V	G	183	likely_benign
p.Leu184Met	L	M	184	likely_benign
p.Leu184Val	L	V	184	likely_benign
p.Leu184Arg	L	R	184	likely_pathogenic
p.Val185Ile	V	I	185	likely_benign
p.Val185Leu	V	L	185	likely_benign
p.Val185Phe	V	F	185	likely_benign
p.Val185Ala	V	A	185	likely_benign
p.Val185Asp	V	D	185	likely_pathogenic
p.Val185Gly	V	G	185	likely_benign
p.Asn186Asp	N	D	186	likely_benign
p.Asn186His	N	H	186	likely_benign
p.Asn186Tyr	N	Y	186	likely_benign
p.Asn186Ile	N	I	186	likely_benign
p.Asn186Ser	N	S	186	likely_benign
p.Asn186Thr	N	T	186	likely_benign
p.Asn186Lys	N	K	186	likely_pathogenic
p.Ala187Pro	A	P	187	likely_pathogenic
p.Ala187Ser	A	S	187	likely_benign
p.Ala187Thr	A	T	187	likely_benign
p.Ala187Glu	A	E	187	likely_pathogenic
p.Ala187Gly	A	G	187	likely_benign
p.Ala187Val	A	V	187	likely_benign
p.Val188Leu	V	L	188	likely_benign
p.Val188Met	V	M	188	likely_benign
p.Val188Ala	V	A	188	likely_benign
p.Val188Glu	V	E	188	likely_pathogenic
p.Val188Gly	V	G	188	likely_benign
p.Ser189Ala	S	A	189	likely_benign
p.Ser189Thr	S	T	189	likely_benign
p.Ser189Leu	S	L	189	likely_benign
p.Gly190Arg	G	R	190	likely_pathogenic
p.Gly190Ser	G	S	190	likely_benign
p.Gly190Ala	G	A	190	likely_benign
p.Gly190Asp	G	D	190	likely_pathogenic
p.Gly190Val	G	V	190	likely_pathogenic
p.Val191Leu	V	L	191	likely_benign
p.Val191Met	V	M	191	likely_benign
p.Val191Ala	V	A	191	likely_benign
p.Val191Glu	V	E	191	likely_pathogenic
p.Val191Gly	V	G	191	likely_benign
p.Leu192Ile	L	I	192	likely_benign
p.Leu192Phe	L	F	192	likely_benign
p.Leu192Val	L	V	192	likely_benign
p.Leu192Arg	L	R	192	likely_pathogenic
p.Leu192His	L	H	192	likely_pathogenic
p.Met193Leu	M	L	193	likely_benign
p.Met193Val	M	V	193	likely_benign
p.Met193Arg	M	R	193	likely_pathogenic
p.Met193Lys	M	K	193	likely_pathogenic
p.Met193Thr	M	T	193	likely_benign
p.Ala194Pro	A	P	194	likely_pathogenic
p.Ala194Ser	A	S	194	likely_benign
p.Ala194Thr	A	T	194	likely_benign
p.Ala194Asp	A	D	194	likely_pathogenic
p.Ala194Gly	A	G	194	likely_benign
p.Ala194Val	A	V	194	likely_benign
p.Phe195Ile	F	I	195	likely_benign
p.Phe195Val	F	V	195	likely_benign
p.Phe195Cys	F	C	195	likely_benign
p.Phe195Ser	F	S	195	likely_benign
p.Phe195Tyr	F	Y	195	likely_benign
p.Ser196Ala	S	A	196	likely_benign
p.Ser196Thr	S	T	196	likely_benign
p.Ser196Leu	S	L	196	likely_benign
p.Ser196Trp	S	W	196	likely_pathogenic
p.Pro197Ala	P	A	197	likely_benign
p.Pro197Ser	P	S	197	likely_benign
p.Pro197Thr	P	T	197	likely_benign
p.Pro197Arg	P	R	197	likely_benign
p.Pro197His	P	H	197	likely_benign
p.Pro197Leu	P	L	197	likely_benign
p.Asn198Asp	N	D	198	likely_benign
p.Asn198His	N	H	198	likely_benign
p.Asn198Tyr	N	Y	198	likely_benign
p.Asn198Ile	N	I	198	likely_benign
p.Asn198Ser	N	S	198	likely_benign
p.Asn198Thr	N	T	198	likely_benign
p.Tyr199Phe	Y	F	199	likely_benign
p.Met200Leu	M	L	200	likely_benign
p.Met200Val	M	V	200	likely_benign
p.Met200Arg	M	R	200	likely_benign
p.Met200Lys	M	K	200	likely_benign
p.Met200Thr	M	T	200	likely_benign
p.Met200Ile	M	I	200	likely_benign
p.Ser201Ala	S	A	201	likely_benign
p.Ser201Pro	S	P	201	likely_benign
p.Ser201Thr	S	T	201	likely_benign
p.Ser201Cys	S	C	201	likely_benign
p.Ser201Phe	S	F	201	likely_benign
p.Ser201Tyr	S	Y	201	likely_benign
p.Met202Leu	M	L	202	likely_benign
p.Met202Val	M	V	202	likely_benign
p.Met202Arg	M	R	202	likely_pathogenic
p.Met202Lys	M	K	202	likely_pathogenic
p.Met202Thr	M	T	202	likely_benign
p.Met202Ile	M	I	202	likely_benign
p.Leu203Met	L	M	203	likely_benign
p.Leu203Val	L	V	203	likely_benign
p.Leu203Arg	L	R	203	likely_pathogenic
p.Leu203Pro	L	P	203	likely_pathogenic
p.Leu204Ile	L	I	204	likely_benign
p.Leu204Phe	L	F	204	likely_benign
p.Leu204Val	L	V	204	likely_benign
p.Leu204Pro	L	P	204	likely_benign
p.Phe205Leu	F	L	205	likely_pathogenic
p.Phe205Cys	F	C	205	likely_benign
p.Arg206Cys	R	C	206	likely_benign
p.Arg206Gly	R	G	206	likely_pathogenic
p.Arg206Ser	R	S	206	likely_pathogenic
p.Arg206His	R	H	206	likely_benign
p.Arg206Leu	R	L	206	likely_pathogenic
p.Arg206Pro	R	P	206	likely_pathogenic
p.Leu207Met	L	M	207	likely_benign
p.Leu207Val	L	V	207	likely_benign
p.Leu207Arg	L	R	207	likely_pathogenic
p.Leu207Pro	L	P	207	likely_pathogenic
p.Leu208Met	L	M	208	likely_benign
p.Leu208Val	L	V	208	likely_benign
p.Leu208Arg	L	R	208	likely_pathogenic
p.Gln209Glu	Q	E	209	likely_benign
p.Gln209Lys	Q	K	209	likely_pathogenic
p.Gln209Arg	Q	R	209	likely_pathogenic
p.Gln209Leu	Q	L	209	likely_benign
p.Gln209Pro	Q	P	209	likely_pathogenic
p.Gln209His	Q	H	209	likely_pathogenic
p.Gly210Arg	G	R	210	likely_pathogenic
p.Gly210Cys	G	C	210	likely_pathogenic
p.Gly210Asp	G	D	210	likely_pathogenic
p.Gly210Val	G	V	210	likely_pathogenic
p.Leu211Met	L	M	211	likely_benign
p.Leu211Val	L	V	211	likely_benign
p.Leu211Arg	L	R	211	likely_pathogenic
p.Leu211Pro	L	P	211	likely_pathogenic
p.Val212Ile	V	I	212	likely_benign
p.Val212Leu	V	L	212	likely_benign
p.Val212Phe	V	F	212	likely_benign
p.Val212Ala	V	A	212	likely_benign
p.Val212Asp	V	D	212	likely_pathogenic
p.Val212Gly	V	G	212	likely_benign
p.Ser213Arg	S	R	213	likely_pathogenic
p.Ser213Cys	S	C	213	likely_benign
p.Ser213Gly	S	G	213	likely_benign
p.Ser213Thr	S	T	213	likely_benign
p.Lys214Glu	K	E	214	likely_pathogenic
p.Lys214Arg	K	R	214	likely_benign
p.Lys214Met	K	M	214	likely_pathogenic
p.Lys214Thr	K	T	214	likely_pathogenic
p.Lys214Asn	K	N	214	likely_pathogenic
p.Gly215Arg	G	R	215	likely_pathogenic
p.Gly215Cys	G	C	215	likely_pathogenic
p.Gly215Ser	G	S	215	likely_benign
p.Gly215Ala	G	A	215	likely_benign
p.Gly215Asp	G	D	215	likely_pathogenic
p.Gly215Val	G	V	215	likely_pathogenic
p.Asn216Asp	N	D	216	likely_benign
p.Asn216His	N	H	216	likely_benign
p.Asn216Tyr	N	Y	216	likely_benign
p.Asn216Ile	N	I	216	likely_benign
p.Asn216Ser	N	S	216	likely_benign
p.Asn216Thr	N	T	216	likely_benign
p.Asn216Lys	N	K	216	likely_pathogenic
p.Trp217Arg	W	R	217	likely_pathogenic
p.Trp217Cys	W	C	217	likely_pathogenic
p.Met218Leu	M	L	218	likely_benign
p.Met218Val	M	V	218	likely_benign
p.Met218Arg	M	R	218	likely_pathogenic
p.Met218Lys	M	K	218	likely_pathogenic
p.Met218Thr	M	T	218	likely_benign
p.Ala219Pro	A	P	219	likely_pathogenic
p.Ala219Ser	A	S	219	likely_benign
p.Ala219Thr	A	T	219	likely_benign
p.Ala219Asp	A	D	219	likely_pathogenic
p.Ala219Gly	A	G	219	likely_benign
p.Ala219Val	A	V	219	likely_benign
p.Gly220Arg	G	R	220	likely_pathogenic
p.Gly220Cys	G	C	220	likely_benign
p.Gly220Ser	G	S	220	likely_benign
p.Gly220Ala	G	A	220	likely_benign
p.Gly220Asp	G	D	220	likely_pathogenic
p.Tyr221Asp	Y	D	221	likely_pathogenic
p.Tyr221His	Y	H	221	likely_pathogenic
p.Tyr221Cys	Y	C	221	likely_benign
p.Tyr221Phe	Y	F	221	likely_benign
p.Thr222Ala	T	A	222	likely_benign
p.Thr222Pro	T	P	222	likely_benign
p.Thr222Ser	T	S	222	likely_benign
p.Thr222Ile	T	I	222	likely_benign
p.Leu223Ile	L	I	223	likely_benign
p.Leu223Val	L	V	223	likely_benign
p.Leu223Arg	L	R	223	likely_pathogenic
p.Leu223Gln	L	Q	223	likely_pathogenic
p.Leu223Pro	L	P	223	likely_pathogenic
p.Ile224Leu	I	L	224	likely_benign
p.Ile224Val	I	V	224	likely_benign
p.Ile224Asn	I	N	224	likely_pathogenic
p.Ile224Met	I	M	224	likely_benign
p.Thr225Ala	T	A	225	likely_benign
p.Thr225Ser	T	S	225	likely_benign
p.Thr225Arg	T	R	225	likely_pathogenic
p.Thr225Lys	T	K	225	likely_pathogenic
p.Glu226Gln	E	Q	226	likely_pathogenic
p.Glu226Lys	E	K	226	likely_pathogenic
p.Glu226Ala	E	A	226	likely_pathogenic
p.Glu226Gly	E	G	226	likely_pathogenic
p.Glu226Val	E	V	226	likely_pathogenic
p.Glu226Asp	E	D	226	likely_pathogenic
p.Phe227Ile	F	I	227	likely_benign
p.Phe227Leu	F	L	227	likely_pathogenic
p.Phe227Val	F	V	227	likely_benign
p.Phe227Ser	F	S	227	likely_pathogenic
p.Phe227Tyr	F	Y	227	likely_benign
p.Val228Ile	V	I	228	likely_benign
p.Val228Phe	V	F	228	likely_benign
p.Val228Ala	V	A	228	likely_benign
p.Val228Asp	V	D	228	likely_pathogenic
p.Val228Gly	V	G	228	likely_benign
p.Gly229Ser	G	S	229	likely_benign
p.Gly229Ala	G	A	229	likely_benign
p.Ser230Ala	S	A	230	likely_benign
p.Ser230Pro	S	P	230	likely_benign
p.Ser230Thr	S	T	230	likely_benign
p.Ser230Leu	S	L	230	likely_benign
p.Ser230Trp	S	W	230	likely_benign
p.Gly231Arg	G	R	231	likely_benign
p.Gly231Cys	G	C	231	likely_benign
p.Gly231Ser	G	S	231	likely_benign
p.Gly231Ala	G	A	231	likely_benign
p.Gly231Asp	G	D	231	likely_benign
p.Gly231Val	G	V	231	likely_benign
p.Ser232Ala	S	A	232	likely_benign
p.Ser232Pro	S	P	232	likely_benign
p.Ser232Thr	S	T	232	likely_benign
p.Ser232Cys	S	C	232	likely_benign
p.Ser232Phe	S	F	232	likely_benign
p.Ser232Tyr	S	Y	232	likely_benign
p.Arg233Gly	R	G	233	likely_pathogenic
p.Arg233Ile	R	I	233	likely_pathogenic
p.Arg233Thr	R	T	233	likely_pathogenic
p.Arg233Ser	R	S	233	likely_pathogenic
p.Arg234Gly	R	G	234	likely_benign
p.Arg234Lys	R	K	234	likely_benign
p.Arg234Ser	R	S	234	likely_pathogenic
p.Thr235Ala	T	A	235	likely_benign
p.Thr235Pro	T	P	235	likely_benign
p.Thr235Ser	T	S	235	likely_benign
p.Thr235Arg	T	R	235	likely_benign
p.Thr235Lys	T	K	235	likely_benign
p.Thr235Met	T	M	235	likely_benign
p.Val236Met	V	M	236	likely_benign
p.Val236Ala	V	A	236	likely_benign
p.Val236Glu	V	E	236	likely_pathogenic
p.Val236Gly	V	G	236	likely_benign
p.Ala237Pro	A	P	237	likely_pathogenic
p.Ala237Ser	A	S	237	likely_benign
p.Ala237Thr	A	T	237	likely_benign
p.Ala237Glu	A	E	237	likely_pathogenic
p.Ala237Gly	A	G	237	likely_benign
p.Ala237Val	A	V	237	likely_benign
p.Ile238Leu	I	L	238	likely_benign
p.Ile238Phe	I	F	238	likely_benign
p.Ile238Val	I	V	238	likely_benign
p.Ile238Met	I	M	238	likely_benign
p.Met239Leu	M	L	239	likely_benign
p.Met239Val	M	V	239	likely_benign
p.Met239Arg	M	R	239	likely_benign
p.Met239Thr	M	T	239	likely_benign
p.Met239Ile	M	I	239	likely_benign
p.Tyr240Asp	Y	D	240	likely_pathogenic
p.Tyr240Cys	Y	C	240	likely_benign
p.Tyr240Phe	Y	F	240	likely_benign
p.Gln241Glu	Q	E	241	likely_benign
p.Gln241His	Q	H	241	likely_pathogenic
p.Met242Leu	M	L	242	likely_benign
p.Met242Val	M	V	242	likely_benign
p.Met242Arg	M	R	242	likely_pathogenic
p.Met242Lys	M	K	242	likely_pathogenic
p.Met242Thr	M	T	242	likely_benign
p.Met242Ile	M	I	242	likely_benign
p.Ala243Ser	A	S	243	likely_benign
p.Ala243Thr	A	T	243	likely_benign
p.Ala243Asp	A	D	243	likely_pathogenic
p.Ala243Gly	A	G	243	likely_benign
p.Ala243Val	A	V	243	likely_benign
p.Phe244Ile	F	I	244	likely_pathogenic
p.Phe244Leu	F	L	244	likely_pathogenic
p.Phe244Cys	F	C	244	likely_pathogenic
p.Phe244Ser	F	S	244	likely_pathogenic
p.Phe244Tyr	F	Y	244	likely_benign
p.Thr245Ala	T	A	245	likely_benign
p.Thr245Pro	T	P	245	likely_benign
p.Thr245Ser	T	S	245	likely_benign
p.Thr245Arg	T	R	245	likely_pathogenic
p.Thr245Lys	T	K	245	likely_pathogenic
p.Thr245Met	T	M	245	likely_benign
p.Val246Leu	V	L	246	likely_benign
p.Val246Met	V	M	246	likely_benign
p.Val246Ala	V	A	246	likely_benign
p.Val246Glu	V	E	246	likely_pathogenic
p.Val246Gly	V	G	246	likely_benign
p.Gly247Arg	G	R	247	likely_pathogenic
p.Gly247Trp	G	W	247	likely_pathogenic
p.Gly247Glu	G	E	247	likely_pathogenic
p.Gly247Val	G	V	247	likely_pathogenic
p.Leu248Met	L	M	248	likely_benign
p.Leu248Val	L	V	248	likely_benign
p.Leu248Arg	L	R	248	likely_pathogenic
p.Leu248Pro	L	P	248	likely_pathogenic
p.Val249Leu	V	L	249	likely_benign
p.Val249Met	V	M	249	likely_benign
p.Val249Ala	V	A	249	likely_benign
p.Val249Glu	V	E	249	likely_pathogenic
p.Val249Gly	V	G	249	likely_benign
p.Ala250Ser	A	S	250	likely_benign
p.Ala250Thr	A	T	250	likely_benign
p.Ala250Glu	A	E	250	likely_pathogenic
p.Ala250Gly	A	G	250	likely_benign
p.Ala250Val	A	V	250	likely_benign
p.Leu251Ile	L	I	251	likely_benign
p.Leu251Phe	L	F	251	likely_benign
p.Leu251Val	L	V	251	likely_benign
p.Leu251Arg	L	R	251	likely_pathogenic
p.Leu251His	L	H	251	likely_pathogenic
p.Leu251Pro	L	P	251	likely_pathogenic
p.Thr252Ala	T	A	252	likely_benign
p.Thr252Pro	T	P	252	likely_benign
p.Thr252Ser	T	S	252	likely_benign
p.Thr252Asn	T	N	252	likely_benign
p.Thr252Ile	T	I	252	likely_benign
p.Gly253Arg	G	R	253	likely_pathogenic
p.Gly253Ala	G	A	253	likely_benign
p.Gly253Glu	G	E	253	likely_pathogenic
p.Gly253Val	G	V	253	likely_benign
p.Leu254Met	L	M	254	likely_benign
p.Leu254Val	L	V	254	likely_benign
p.Leu254Arg	L	R	254	likely_pathogenic
p.Leu254Gln	L	Q	254	likely_pathogenic
p.Leu254Pro	L	P	254	likely_pathogenic
p.Ala255Pro	A	P	255	likely_pathogenic
p.Ala255Ser	A	S	255	likely_benign
p.Ala255Asp	A	D	255	likely_pathogenic
p.Ala255Gly	A	G	255	likely_benign
p.Tyr256His	Y	H	256	likely_benign
p.Tyr256Cys	Y	C	256	likely_benign
p.Tyr256Phe	Y	F	256	likely_benign
p.Tyr256Ser	Y	S	256	likely_benign
p.Ala257Ser	A	S	257	likely_benign
p.Ala257Thr	A	T	257	likely_benign
p.Ala257Gly	A	G	257	likely_benign
p.Ala257Val	A	V	257	likely_benign
p.Leu258Met	L	M	258	likely_benign
p.Leu258Val	L	V	258	likely_benign
p.Leu258Arg	L	R	258	likely_pathogenic
p.Leu258Pro	L	P	258	likely_pathogenic
p.Pro259Ala	P	A	259	likely_benign
p.Pro259Ser	P	S	259	likely_benign
p.Pro259Thr	P	T	259	likely_benign
p.Pro259Arg	P	R	259	likely_benign
p.Pro259His	P	H	259	likely_benign
p.Pro259Leu	P	L	259	likely_benign
p.His260Asn	H	N	260	likely_benign
p.His260Asp	H	D	260	likely_benign
p.His260Tyr	H	Y	260	likely_benign
p.His260Arg	H	R	260	likely_benign
p.His260Leu	H	L	260	likely_benign
p.His260Pro	H	P	260	likely_benign
p.His260Gln	H	Q	260	likely_benign
p.Trp261Arg	W	R	261	likely_pathogenic
p.Trp261Gly	W	G	261	likely_pathogenic
p.Trp261Leu	W	L	261	likely_pathogenic
p.Trp261Ser	W	S	261	likely_pathogenic
p.Trp261Cys	W	C	261	likely_pathogenic
p.Arg262Cys	R	C	262	likely_benign
p.Arg262Ser	R	S	262	likely_pathogenic
p.Arg262His	R	H	262	likely_benign
p.Arg262Pro	R	P	262	likely_pathogenic
p.Trp263Gly	W	G	263	likely_benign
p.Trp263Leu	W	L	263	likely_benign
p.Trp263Ser	W	S	263	likely_benign
p.Leu264Met	L	M	264	likely_benign
p.Leu264Val	L	V	264	likely_benign
p.Leu264Arg	L	R	264	likely_pathogenic
p.Leu264Gln	L	Q	264	likely_pathogenic
p.Leu264Pro	L	P	264	likely_pathogenic
p.Gln265Glu	Q	E	265	likely_benign
p.Gln265Lys	Q	K	265	likely_pathogenic
p.Gln265Arg	Q	R	265	likely_pathogenic
p.Gln265Leu	Q	L	265	likely_benign
p.Gln265Pro	Q	P	265	likely_pathogenic
p.Gln265His	Q	H	265	likely_pathogenic
p.Leu266Met	L	M	266	likely_benign
p.Leu266Val	L	V	266	likely_benign
p.Leu266Arg	L	R	266	likely_pathogenic
p.Leu266Gln	L	Q	266	likely_pathogenic
p.Leu266Pro	L	P	266	likely_pathogenic
p.Ala267Pro	A	P	267	likely_pathogenic
p.Ala267Ser	A	S	267	likely_benign
p.Ala267Thr	A	T	267	likely_benign
p.Ala267Glu	A	E	267	likely_pathogenic
p.Ala267Gly	A	G	267	likely_benign
p.Ala267Val	A	V	267	likely_benign
p.Val268Ile	V	I	268	likely_benign
p.Val268Leu	V	L	268	likely_benign
p.Val268Phe	V	F	268	likely_benign
p.Val268Ala	V	A	268	likely_benign
p.Val268Asp	V	D	268	likely_pathogenic
p.Val268Gly	V	G	268	likely_benign
p.Ser269Ala	S	A	269	likely_benign
p.Ser269Pro	S	P	269	likely_pathogenic
p.Ser269Thr	S	T	269	likely_benign
p.Ser269Cys	S	C	269	likely_benign
p.Leu270Met	L	M	270	likely_benign
p.Leu270Val	L	V	270	likely_benign
p.Leu270Arg	L	R	270	likely_pathogenic
p.Leu270Gln	L	Q	270	likely_pathogenic
p.Leu270Pro	L	P	270	likely_pathogenic
p.Pro271Arg	P	R	271	likely_pathogenic
p.Pro271His	P	H	271	likely_pathogenic
p.Thr272Ala	T	A	272	likely_benign
p.Thr272Pro	T	P	272	likely_benign
p.Thr272Ser	T	S	272	likely_benign
p.Thr272Asn	T	N	272	likely_benign
p.Thr272Ile	T	I	272	likely_benign
p.Phe273Ile	F	I	273	likely_benign
p.Phe273Val	F	V	273	likely_benign
p.Phe273Cys	F	C	273	likely_benign
p.Phe273Ser	F	S	273	likely_benign
p.Leu274Ile	L	I	274	likely_benign
p.Leu274Phe	L	F	274	likely_benign
p.Leu274Val	L	V	274	likely_benign
p.Leu274Arg	L	R	274	likely_pathogenic
p.Leu274Pro	L	P	274	likely_benign
p.Phe275Ile	F	I	275	likely_benign
p.Phe275Leu	F	L	275	likely_pathogenic
p.Phe275Val	F	V	275	likely_benign
p.Phe275Cys	F	C	275	likely_benign
p.Phe275Tyr	F	Y	275	likely_benign
p.Leu276Met	L	M	276	likely_benign
p.Leu276Val	L	V	276	likely_benign
p.Leu276Arg	L	R	276	likely_pathogenic
p.Leu276Gln	L	Q	276	likely_pathogenic
p.Leu276Pro	L	P	276	likely_benign
p.Leu277Ile	L	I	277	likely_benign
p.Leu277Phe	L	F	277	likely_benign
p.Leu277Val	L	V	277	likely_benign
p.Leu277Pro	L	P	277	likely_benign
p.Tyr278Asn	Y	N	278	likely_benign
p.Tyr278Cys	Y	C	278	likely_benign
p.Tyr278Phe	Y	F	278	likely_benign
p.Tyr278Ser	Y	S	278	likely_benign
p.Tyr279Asn	Y	N	279	likely_benign
p.Tyr279His	Y	H	279	likely_benign
p.Tyr279Cys	Y	C	279	likely_benign
p.Tyr279Phe	Y	F	279	likely_benign
p.Tyr279Ser	Y	S	279	likely_benign
p.Trp280Gly	W	G	280	likely_benign
p.Trp280Ser	W	S	280	likely_benign
p.Cys281Gly	C	G	281	likely_benign
p.Cys281Ser	C	S	281	likely_benign
p.Cys281Phe	C	F	281	likely_benign
p.Cys281Tyr	C	Y	281	likely_benign
p.Cys281Trp	C	W	281	likely_benign
p.Val282Leu	V	L	282	likely_benign
p.Val282Met	V	M	282	likely_benign
p.Val282Glu	V	E	282	likely_pathogenic
p.Val282Gly	V	G	282	likely_pathogenic
p.Pro283Ala	P	A	283	likely_benign
p.Pro283Thr	P	T	283	likely_benign
p.Pro283Leu	P	L	283	likely_benign
p.Glu284Gln	E	Q	284	likely_pathogenic
p.Glu284Lys	E	K	284	likely_pathogenic
p.Glu284Ala	E	A	284	likely_pathogenic
p.Glu284Gly	E	G	284	likely_pathogenic
p.Glu284Val	E	V	284	likely_pathogenic
p.Glu284Asp	E	D	284	likely_pathogenic
p.Ser285Ala	S	A	285	likely_pathogenic
p.Ser285Pro	S	P	285	likely_pathogenic
p.Ser285Cys	S	C	285	likely_pathogenic
p.Ser285Phe	S	F	285	likely_pathogenic
p.Ser285Tyr	S	Y	285	likely_pathogenic
p.Pro286Ala	P	A	286	likely_benign
p.Pro286Ser	P	S	286	likely_pathogenic
p.Pro286Arg	P	R	286	likely_pathogenic
p.Pro286His	P	H	286	likely_pathogenic
p.Pro286Leu	P	L	286	likely_benign
p.Arg287Gly	R	G	287	likely_pathogenic
p.Arg287Leu	R	L	287	likely_pathogenic
p.Arg287Pro	R	P	287	likely_pathogenic
p.Trp288Arg	W	R	288	likely_pathogenic
p.Trp288Gly	W	G	288	likely_pathogenic
p.Trp288Leu	W	L	288	likely_pathogenic
p.Trp288Ser	W	S	288	likely_pathogenic
p.Trp288Cys	W	C	288	likely_pathogenic
p.Leu289Val	L	V	289	likely_pathogenic
p.Leu289Arg	L	R	289	likely_pathogenic
p.Leu289Gln	L	Q	289	likely_pathogenic
p.Leu289Pro	L	P	289	likely_pathogenic
p.Leu290Ile	L	I	290	likely_benign
p.Leu290Val	L	V	290	likely_benign
p.Leu290Ser	L	S	290	likely_pathogenic
p.Leu290Phe	L	F	290	likely_benign
p.Ser291Ala	S	A	291	likely_benign
p.Ser291Pro	S	P	291	likely_pathogenic
p.Ser291Thr	S	T	291	likely_benign
p.Ser291Leu	S	L	291	likely_benign
p.Gln292Glu	Q	E	292	likely_benign
p.Gln292Lys	Q	K	292	likely_benign
p.Gln292Arg	Q	R	292	likely_benign
p.Gln292Leu	Q	L	292	likely_benign
p.Gln292Pro	Q	P	292	likely_pathogenic
p.Lys293Gln	K	Q	293	likely_benign
p.Lys293Glu	K	E	293	likely_benign
p.Lys293Arg	K	R	293	likely_benign
p.Lys293Ile	K	I	293	likely_pathogenic
p.Lys293Thr	K	T	293	likely_benign
p.Lys293Asn	K	N	293	likely_benign
p.Arg294Gly	R	G	294	likely_benign
p.Arg294Lys	R	K	294	likely_benign
p.Arg294Ser	R	S	294	likely_pathogenic
p.Asn295Asp	N	D	295	likely_benign
p.Asn295His	N	H	295	likely_benign
p.Asn295Tyr	N	Y	295	likely_benign
p.Asn295Ile	N	I	295	likely_benign
p.Asn295Ser	N	S	295	likely_benign
p.Asn295Thr	N	T	295	likely_benign
p.Asn295Lys	N	K	295	likely_benign
p.Thr296Ala	T	A	296	likely_benign
p.Thr296Pro	T	P	296	likely_benign
p.Thr296Ser	T	S	296	likely_benign
p.Thr296Asn	T	N	296	likely_benign
p.Thr296Ile	T	I	296	likely_benign
p.Glu297Gln	E	Q	297	likely_benign
p.Glu297Lys	E	K	297	likely_benign
p.Glu297Ala	E	A	297	likely_benign
p.Glu297Gly	E	G	297	likely_benign
p.Glu297Val	E	V	297	likely_benign
p.Glu297Asp	E	D	297	likely_benign
p.Ala298Pro	A	P	298	likely_pathogenic
p.Ala298Ser	A	S	298	likely_benign
p.Ala298Thr	A	T	298	likely_benign
p.Ala298Glu	A	E	298	likely_pathogenic
p.Ala298Gly	A	G	298	likely_benign
p.Ala298Val	A	V	298	likely_benign
p.Ile299Leu	I	L	299	likely_benign
p.Ile299Val	I	V	299	likely_benign
p.Ile299Arg	I	R	299	likely_benign
p.Ile299Lys	I	K	299	likely_benign
p.Ile299Thr	I	T	299	likely_benign
p.Ile299Met	I	M	299	likely_benign
p.Lys300Gln	K	Q	300	likely_benign
p.Lys300Glu	K	E	300	likely_benign
p.Lys300Arg	K	R	300	likely_benign
p.Lys300Met	K	M	300	likely_benign
p.Lys300Thr	K	T	300	likely_benign
p.Lys300Asn	K	N	300	likely_benign
p.Ile301Leu	I	L	301	likely_benign
p.Ile301Val	I	V	301	likely_benign
p.Ile301Thr	I	T	301	likely_benign
p.Ile301Met	I	M	301	likely_benign
p.Met302Leu	M	L	302	likely_benign
p.Met302Val	M	V	302	likely_benign
p.Met302Arg	M	R	302	likely_pathogenic
p.Met302Lys	M	K	302	likely_pathogenic
p.Asp303Asn	D	N	303	likely_benign
p.Asp303His	D	H	303	likely_benign
p.Asp303Tyr	D	Y	303	likely_benign
p.Asp303Ala	D	A	303	likely_benign
p.Asp303Gly	D	G	303	likely_benign
p.Asp303Val	D	V	303	likely_benign
p.Asp303Glu	D	E	303	likely_benign
p.His304Asn	H	N	304	likely_benign
p.His304Asp	H	D	304	likely_benign
p.His304Tyr	H	Y	304	likely_benign
p.His304Arg	H	R	304	likely_benign
p.His304Leu	H	L	304	likely_benign
p.His304Gln	H	Q	304	likely_benign
p.Ile305Leu	I	L	305	likely_benign
p.Ile305Phe	I	F	305	likely_benign
p.Ile305Val	I	V	305	likely_benign
p.Ile305Asn	I	N	305	likely_pathogenic
p.Ile305Ser	I	S	305	likely_pathogenic
p.Ile305Met	I	M	305	likely_benign
p.Ala306Pro	A	P	306	likely_pathogenic
p.Ala306Ser	A	S	306	likely_benign
p.Ala306Thr	A	T	306	likely_benign
p.Ala306Asp	A	D	306	likely_pathogenic
p.Ala306Gly	A	G	306	likely_benign
p.Gln307Glu	Q	E	307	likely_benign
p.Gln307Lys	Q	K	307	likely_benign
p.Gln307Arg	Q	R	307	likely_benign
p.Gln307Leu	Q	L	307	likely_benign
p.Gln307His	Q	H	307	likely_benign
p.Lys308Gln	K	Q	308	likely_benign
p.Lys308Glu	K	E	308	likely_benign
p.Lys308Arg	K	R	308	likely_benign
p.Lys308Met	K	M	308	likely_benign
p.Lys308Thr	K	T	308	likely_benign
p.Asn309Asp	N	D	309	likely_pathogenic
p.Asn309His	N	H	309	likely_pathogenic
p.Asn309Tyr	N	Y	309	likely_pathogenic
p.Asn309Ile	N	I	309	likely_pathogenic
p.Asn309Ser	N	S	309	likely_pathogenic
p.Asn309Thr	N	T	309	likely_pathogenic
p.Asn309Lys	N	K	309	likely_pathogenic
p.Gly310Arg	G	R	310	likely_benign
p.Gly310Ala	G	A	310	likely_benign
p.Gly310Glu	G	E	310	likely_benign
p.Lys311Gln	K	Q	311	likely_benign
p.Lys311Glu	K	E	311	likely_benign
p.Lys311Arg	K	R	311	likely_benign
p.Lys311Met	K	M	311	likely_benign
p.Lys311Thr	K	T	311	likely_benign
p.Leu312Met	L	M	312	likely_benign
p.Leu312Val	L	V	312	likely_benign
p.Leu312Ser	L	S	312	likely_benign
p.Leu312Trp	L	W	312	likely_benign
p.Leu312Phe	L	F	312	likely_benign
p.Pro313Ala	P	A	313	likely_benign
p.Pro313Ser	P	S	313	likely_benign
p.Pro313Thr	P	T	313	likely_benign
p.Pro313Arg	P	R	313	likely_benign
p.Pro313His	P	H	313	likely_benign
p.Pro313Leu	P	L	313	likely_benign
p.Pro314Ala	P	A	314	likely_benign
p.Pro314Ser	P	S	314	likely_benign
p.Pro314Thr	P	T	314	likely_benign
p.Pro314Arg	P	R	314	likely_benign
p.Pro314His	P	H	314	likely_benign
p.Pro314Leu	P	L	314	likely_benign
p.Ala315Pro	A	P	315	likely_benign
p.Ala315Ser	A	S	315	likely_benign
p.Ala315Thr	A	T	315	likely_benign
p.Ala315Asp	A	D	315	likely_benign
p.Ala315Gly	A	G	315	likely_benign
p.Ala315Val	A	V	315	likely_benign
p.Asp316Asn	D	N	316	likely_benign
p.Asp316His	D	H	316	likely_benign
p.Asp316Tyr	D	Y	316	likely_benign
p.Asp316Ala	D	A	316	likely_benign
p.Asp316Gly	D	G	316	likely_benign
p.Asp316Val	D	V	316	likely_benign
p.Asp316Glu	D	E	316	likely_benign
p.Leu317Ile	L	I	317	likely_benign
p.Leu317Val	L	V	317	likely_benign
p.Leu317Ser	L	S	317	likely_benign
p.Leu317Phe	L	F	317	likely_benign
p.Lys318Gln	K	Q	318	likely_benign
p.Lys318Glu	K	E	318	likely_benign
p.Lys318Arg	K	R	318	likely_benign
p.Lys318Met	K	M	318	likely_benign
p.Lys318Thr	K	T	318	likely_benign
p.Lys318Asn	K	N	318	likely_benign
p.Met319Leu	M	L	319	likely_benign
p.Met319Val	M	V	319	likely_benign
p.Met319Arg	M	R	319	likely_benign
p.Met319Lys	M	K	319	likely_benign
p.Met319Thr	M	T	319	likely_benign
p.Met319Ile	M	I	319	likely_benign
p.Leu320Ile	L	I	320	likely_benign
p.Leu320Phe	L	F	320	likely_benign
p.Leu320Val	L	V	320	likely_benign
p.Leu320Arg	L	R	320	likely_benign
p.Leu320His	L	H	320	likely_benign
p.Leu320Pro	L	P	320	likely_benign
p.Ser321Ala	S	A	321	likely_benign
p.Ser321Pro	S	P	321	likely_benign
p.Ser321Thr	S	T	321	likely_benign
p.Ser321Cys	S	C	321	likely_benign
p.Ser321Phe	S	F	321	likely_benign
p.Ser321Tyr	S	Y	321	likely_benign
p.Leu322Ile	L	I	322	likely_benign
p.Leu322Phe	L	F	322	likely_benign
p.Leu322Val	L	V	322	likely_benign
p.Leu322Arg	L	R	322	likely_benign
p.Leu322His	L	H	322	likely_benign
p.Leu322Pro	L	P	322	likely_benign
p.Glu323Gln	E	Q	323	likely_benign
p.Glu323Lys	E	K	323	likely_benign
p.Glu323Ala	E	A	323	likely_benign
p.Glu323Gly	E	G	323	likely_benign
p.Glu323Val	E	V	323	likely_benign
p.Glu323Asp	E	D	323	likely_benign
p.Glu324Gln	E	Q	324	likely_benign
p.Glu324Lys	E	K	324	likely_benign
p.Glu324Ala	E	A	324	likely_benign
p.Glu324Gly	E	G	324	likely_benign
p.Glu324Val	E	V	324	likely_benign
p.Glu324Asp	E	D	324	likely_benign
p.Asp325Asn	D	N	325	likely_benign
p.Asp325His	D	H	325	likely_benign
p.Asp325Tyr	D	Y	325	likely_benign
p.Asp325Ala	D	A	325	likely_benign
p.Asp325Gly	D	G	325	likely_benign
p.Asp325Val	D	V	325	likely_benign
p.Asp325Glu	D	E	325	likely_benign
p.Val326Ile	V	I	326	likely_benign
p.Val326Leu	V	L	326	likely_benign
p.Val326Phe	V	F	326	likely_benign
p.Val326Ala	V	A	326	likely_benign
p.Val326Asp	V	D	326	likely_benign
p.Val326Gly	V	G	326	likely_benign
p.Thr327Ala	T	A	327	likely_benign
p.Thr327Pro	T	P	327	likely_benign
p.Thr327Ser	T	S	327	likely_benign
p.Thr327Asn	T	N	327	likely_benign
p.Thr327Ile	T	I	327	likely_benign
p.Glu328Gln	E	Q	328	likely_benign
p.Glu328Lys	E	K	328	likely_benign
p.Glu328Ala	E	A	328	likely_benign
p.Glu328Gly	E	G	328	likely_benign
p.Glu328Val	E	V	328	likely_benign
p.Glu328Asp	E	D	328	likely_benign
p.Lys329Gln	K	Q	329	likely_benign
p.Lys329Glu	K	E	329	likely_benign
p.Lys329Arg	K	R	329	likely_benign
p.Lys329Met	K	M	329	likely_benign
p.Lys329Thr	K	T	329	likely_benign
p.Lys329Asn	K	N	329	likely_benign
p.Leu330Met	L	M	330	likely_benign
p.Leu330Val	L	V	330	likely_benign
p.Leu330Arg	L	R	330	likely_benign
p.Leu330Gln	L	Q	330	likely_benign
p.Leu330Pro	L	P	330	likely_benign
p.Ser331Arg	S	R	331	likely_benign
p.Ser331Cys	S	C	331	likely_benign
p.Ser331Gly	S	G	331	likely_benign
p.Ser331Asn	S	N	331	likely_benign
p.Ser331Ile	S	I	331	likely_benign
p.Ser331Thr	S	T	331	likely_benign
p.Pro332Ala	P	A	332	likely_benign
p.Pro332Ser	P	S	332	likely_benign
p.Pro332Thr	P	T	332	likely_benign
p.Pro332Arg	P	R	332	likely_benign
p.Pro332His	P	H	332	likely_benign
p.Pro332Leu	P	L	332	likely_benign
p.Ser333Ala	S	A	333	likely_benign
p.Ser333Pro	S	P	333	likely_benign
p.Ser333Thr	S	T	333	likely_benign
p.Ser333Leu	S	L	333	likely_benign
p.Phe334Ile	F	I	334	likely_benign
p.Phe334Val	F	V	334	likely_benign
p.Phe334Cys	F	C	334	likely_benign
p.Phe334Tyr	F	Y	334	likely_benign
p.Ala335Pro	A	P	335	likely_benign
p.Ala335Ser	A	S	335	likely_benign
p.Ala335Thr	A	T	335	likely_benign
p.Ala335Glu	A	E	335	likely_benign
p.Ala335Gly	A	G	335	likely_benign
p.Ala335Val	A	V	335	likely_benign
p.Leu337Met	L	M	337	likely_benign
p.Leu337Val	L	V	337	likely_benign
p.Leu337Arg	L	R	337	likely_pathogenic
p.Leu337Gln	L	Q	337	likely_pathogenic
p.Leu337Pro	L	P	337	likely_pathogenic
p.Phe338Ile	F	I	338	likely_benign
p.Phe338Leu	F	L	338	likely_pathogenic
p.Phe338Val	F	V	338	likely_benign
p.Phe338Cys	F	C	338	likely_benign
p.Phe338Ser	F	S	338	likely_pathogenic
p.Arg339Cys	R	C	339	likely_benign
p.Arg339Gly	R	G	339	likely_benign
p.Arg339His	R	H	339	likely_benign
p.Arg339Leu	R	L	339	likely_benign
p.Arg339Pro	R	P	339	likely_pathogenic
p.Thr340Ala	T	A	340	likely_benign
p.Thr340Pro	T	P	340	likely_benign
p.Thr340Ser	T	S	340	likely_benign
p.Thr340Arg	T	R	340	likely_benign
p.Thr340Lys	T	K	340	likely_benign
p.Thr340Met	T	M	340	likely_benign
p.Pro341Ala	P	A	341	likely_benign
p.Pro341Ser	P	S	341	likely_benign
p.Pro341Thr	P	T	341	likely_benign
p.Pro341Arg	P	R	341	likely_benign
p.Pro341Gln	P	Q	341	likely_benign
p.Pro341Leu	P	L	341	likely_benign
p.Arg342Cys	R	C	342	likely_benign
p.Arg342Gly	R	G	342	likely_benign
p.Arg342Ser	R	S	342	likely_benign
p.Arg342His	R	H	342	likely_benign
p.Arg342Leu	R	L	342	likely_benign
p.Arg342Pro	R	P	342	likely_benign
p.Leu343Met	L	M	343	likely_benign
p.Leu343Val	L	V	343	likely_benign
p.Leu343Arg	L	R	343	likely_pathogenic
p.Leu343Pro	L	P	343	likely_pathogenic
p.Arg344Met	R	M	344	likely_pathogenic
p.Arg344Thr	R	T	344	likely_pathogenic
p.Arg344Ser	R	S	344	likely_pathogenic
p.Lys345Gln	K	Q	345	likely_benign
p.Lys345Glu	K	E	345	likely_benign
p.Lys345Arg	K	R	345	likely_benign
p.Lys345Met	K	M	345	likely_benign
p.Lys345Thr	K	T	345	likely_benign
p.Lys345Asn	K	N	345	likely_pathogenic
p.Arg346Cys	R	C	346	likely_benign
p.Arg346His	R	H	346	likely_benign
p.Arg346Leu	R	L	346	likely_benign
p.Arg346Pro	R	P	346	likely_pathogenic
p.Thr347Pro	T	P	347	likely_pathogenic
p.Thr347Asn	T	N	347	likely_pathogenic
p.Thr347Ile	T	I	347	likely_pathogenic
p.Phe348Ile	F	I	348	likely_benign
p.Phe348Leu	F	L	348	likely_benign
p.Phe348Val	F	V	348	likely_benign
p.Phe348Cys	F	C	348	likely_benign
p.Phe348Ser	F	S	348	likely_benign
p.Phe348Tyr	F	Y	348	likely_benign
p.Ile349Leu	I	L	349	likely_benign
p.Ile349Phe	I	F	349	likely_benign
p.Ile349Val	I	V	349	likely_benign
p.Ile349Met	I	M	349	likely_benign
p.Leu350Met	L	M	350	likely_benign
p.Leu350Val	L	V	350	likely_benign
p.Leu350Arg	L	R	350	likely_pathogenic
p.Leu350Gln	L	Q	350	likely_pathogenic
p.Leu350Pro	L	P	350	likely_pathogenic
p.Met351Leu	M	L	351	likely_benign
p.Met351Val	M	V	351	likely_benign
p.Met351Arg	M	R	351	likely_pathogenic
p.Met351Lys	M	K	351	likely_pathogenic
p.Met351Ile	M	I	351	likely_pathogenic
p.Tyr352Asn	Y	N	352	likely_pathogenic
p.Tyr352Asp	Y	D	352	likely_pathogenic
p.Tyr352His	Y	H	352	likely_pathogenic
p.Tyr352Cys	Y	C	352	likely_benign
p.Tyr352Phe	Y	F	352	likely_benign
p.Leu353Met	L	M	353	likely_benign
p.Leu353Val	L	V	353	likely_benign
p.Leu353Arg	L	R	353	likely_pathogenic
p.Leu353Pro	L	P	353	likely_pathogenic
p.Trp354Arg	W	R	354	likely_pathogenic
p.Trp354Gly	W	G	354	likely_pathogenic
p.Trp354Leu	W	L	354	likely_pathogenic
p.Trp354Ser	W	S	354	likely_pathogenic
p.Trp354Cys	W	C	354	likely_pathogenic
p.Phe355Leu	F	L	355	likely_pathogenic
p.Phe355Ser	F	S	355	likely_pathogenic
p.Thr356Ala	T	A	356	likely_benign
p.Thr356Ser	T	S	356	likely_benign
p.Thr356Arg	T	R	356	likely_pathogenic
p.Thr356Lys	T	K	356	likely_pathogenic
p.Thr356Met	T	M	356	likely_benign
p.Asp357Asn	D	N	357	likely_benign
p.Asp357Tyr	D	Y	357	likely_benign
p.Asp357Ala	D	A	357	likely_benign
p.Asp357Gly	D	G	357	likely_benign
p.Asp357Val	D	V	357	likely_benign
p.Ser358Ala	S	A	358	likely_benign
p.Ser358Pro	S	P	358	likely_pathogenic
p.Ser358Thr	S	T	358	likely_benign
p.Ser358Cys	S	C	358	likely_benign
p.Val359Leu	V	L	359	likely_benign
p.Val359Met	V	M	359	likely_benign
p.Val359Ala	V	A	359	likely_benign
p.Val359Glu	V	E	359	likely_pathogenic
p.Leu360Ile	L	I	360	likely_benign
p.Leu360Phe	L	F	360	likely_benign
p.Leu360Val	L	V	360	likely_benign
p.Leu360Arg	L	R	360	likely_pathogenic
p.Leu360His	L	H	360	likely_pathogenic
p.Leu360Pro	L	P	360	likely_pathogenic
p.Tyr361Asn	Y	N	361	likely_pathogenic
p.Tyr361Asp	Y	D	361	likely_pathogenic
p.Tyr361His	Y	H	361	likely_pathogenic
p.Tyr361Phe	Y	F	361	likely_benign
p.Tyr361Ser	Y	S	361	likely_pathogenic
p.Gln362Glu	Q	E	362	likely_benign
p.Gln362Pro	Q	P	362	likely_pathogenic
p.Gln362His	Q	H	362	likely_pathogenic
p.Gly363Arg	G	R	363	likely_pathogenic
p.Gly363Trp	G	W	363	likely_pathogenic
p.Gly363Glu	G	E	363	likely_pathogenic
p.Gly363Val	G	V	363	likely_pathogenic
p.Leu364Ile	L	I	364	likely_benign
p.Leu364Phe	L	F	364	likely_benign
p.Leu364Val	L	V	364	likely_benign
p.Leu364Arg	L	R	364	likely_pathogenic
p.Leu364His	L	H	364	likely_pathogenic
p.Leu364Pro	L	P	364	likely_pathogenic
p.Ile365Leu	I	L	365	likely_benign
p.Ile365Val	I	V	365	likely_benign
p.Ile365Asn	I	N	365	likely_pathogenic
p.Ile365Ser	I	S	365	likely_pathogenic
p.Ile365Thr	I	T	365	likely_pathogenic
p.Ile365Met	I	M	365	likely_benign
p.Leu366Met	L	M	366	likely_benign
p.Leu366Val	L	V	366	likely_benign
p.Leu366Arg	L	R	366	likely_pathogenic
p.Leu366Pro	L	P	366	likely_pathogenic
p.His367Asn	H	N	367	likely_benign
p.His367Tyr	H	Y	367	likely_benign
p.His367Arg	H	R	367	likely_benign
p.His367Leu	H	L	367	likely_benign
p.His367Gln	H	Q	367	likely_benign
p.Met368Leu	M	L	368	likely_benign
p.Met368Val	M	V	368	likely_benign
p.Met368Thr	M	T	368	likely_benign
p.Gly369Arg	G	R	369	likely_pathogenic
p.Gly369Cys	G	C	369	likely_pathogenic
p.Gly369Ser	G	S	369	likely_benign
p.Gly369Ala	G	A	369	likely_benign
p.Ala370Ser	A	S	370	likely_benign
p.Ala370Thr	A	T	370	likely_benign
p.Ala370Asp	A	D	370	likely_benign
p.Ala370Gly	A	G	370	likely_benign
p.Ala370Val	A	V	370	likely_benign
p.Thr371Ala	T	A	371	likely_benign
p.Thr371Pro	T	P	371	likely_benign
p.Thr371Ser	T	S	371	likely_benign
p.Thr371Asn	T	N	371	likely_benign
p.Thr371Ile	T	I	371	likely_benign
p.Ser372Arg	S	R	372	likely_benign
p.Ser372Cys	S	C	372	likely_benign
p.Ser372Gly	S	G	372	likely_benign
p.Ser372Asn	S	N	372	likely_benign
p.Ser372Ile	S	I	372	likely_benign
p.Ser372Thr	S	T	372	likely_benign
p.Gly373Arg	G	R	373	likely_benign
p.Gly373Ala	G	A	373	likely_benign
p.Gly373Glu	G	E	373	likely_benign
p.Gly373Val	G	V	373	likely_benign
p.Asn374Asp	N	D	374	likely_benign
p.Asn374His	N	H	374	likely_benign
p.Asn374Tyr	N	Y	374	likely_benign
p.Asn374Ser	N	S	374	likely_benign
p.Asn374Thr	N	T	374	likely_benign
p.Leu375Ile	L	I	375	likely_benign
p.Leu375Phe	L	F	375	likely_benign
p.Leu375Val	L	V	375	likely_benign
p.Leu375Arg	L	R	375	likely_benign
p.Leu375His	L	H	375	likely_benign
p.Leu375Pro	L	P	375	likely_benign
p.Tyr376Asp	Y	D	376	likely_pathogenic
p.Tyr376His	Y	H	376	likely_benign
p.Tyr376Phe	Y	F	376	likely_benign
p.Leu377Met	L	M	377	likely_benign
p.Leu377Val	L	V	377	likely_benign
p.Leu377Arg	L	R	377	likely_benign
p.Leu377Gln	L	Q	377	likely_benign
p.Asp378His	D	H	378	likely_pathogenic
p.Asp378Tyr	D	Y	378	likely_pathogenic
p.Asp378Ala	D	A	378	likely_pathogenic
p.Asp378Gly	D	G	378	likely_pathogenic
p.Asp378Val	D	V	378	likely_pathogenic
p.Asp378Glu	D	E	378	likely_pathogenic
p.Phe379Ile	F	I	379	likely_pathogenic
p.Phe379Leu	F	L	379	likely_pathogenic
p.Phe379Val	F	V	379	likely_pathogenic
p.Phe379Cys	F	C	379	likely_pathogenic
p.Phe379Ser	F	S	379	likely_pathogenic
p.Leu380Ile	L	I	380	likely_benign
p.Leu380Phe	L	F	380	likely_benign
p.Leu380Val	L	V	380	likely_benign
p.Leu380Arg	L	R	380	likely_pathogenic
p.Leu380His	L	H	380	likely_pathogenic
p.Leu380Pro	L	P	380	likely_pathogenic
p.Tyr381Asp	Y	D	381	likely_pathogenic
p.Tyr381Cys	Y	C	381	likely_benign
p.Tyr381Phe	Y	F	381	likely_benign
p.Tyr381Ser	Y	S	381	likely_benign
p.Ser382Ala	S	A	382	likely_benign
p.Ser382Pro	S	P	382	likely_pathogenic
p.Ser382Thr	S	T	382	likely_benign
p.Ser382Cys	S	C	382	likely_benign
p.Ser382Phe	S	F	382	likely_pathogenic
p.Ser382Tyr	S	Y	382	likely_pathogenic
p.Ala383Pro	A	P	383	likely_pathogenic
p.Ala383Ser	A	S	383	likely_benign
p.Ala383Thr	A	T	383	likely_benign
p.Ala383Asp	A	D	383	likely_pathogenic
p.Ala383Gly	A	G	383	likely_benign
p.Leu384Met	L	M	384	likely_benign
p.Leu384Val	L	V	384	likely_benign
p.Leu384Arg	L	R	384	likely_pathogenic
p.Leu384Gln	L	Q	384	likely_pathogenic
p.Leu384Pro	L	P	384	likely_pathogenic
p.Val385Ile	V	I	385	likely_benign
p.Val385Phe	V	F	385	likely_benign
p.Val385Ala	V	A	385	likely_benign
p.Val385Asp	V	D	385	likely_pathogenic
p.Val385Gly	V	G	385	likely_benign
p.Glu386Gln	E	Q	386	likely_pathogenic
p.Glu386Lys	E	K	386	likely_pathogenic
p.Glu386Ala	E	A	386	likely_pathogenic
p.Glu386Gly	E	G	386	likely_pathogenic
p.Glu386Val	E	V	386	likely_pathogenic
p.Glu386Asp	E	D	386	likely_pathogenic
p.Ile387Leu	I	L	387	likely_benign
p.Ile387Phe	I	F	387	likely_benign
p.Ile387Val	I	V	387	likely_benign
p.Ile387Asn	I	N	387	likely_pathogenic
p.Ile387Ser	I	S	387	likely_pathogenic
p.Ile387Thr	I	T	387	likely_pathogenic
p.Ile387Met	I	M	387	likely_benign
p.Pro388Ala	P	A	388	likely_benign
p.Pro388Thr	P	T	388	likely_benign
p.Pro388Arg	P	R	388	likely_pathogenic
p.Pro388Gln	P	Q	388	likely_pathogenic
p.Pro388Leu	P	L	388	likely_benign
p.Gly389Arg	G	R	389	likely_pathogenic
p.Gly389Trp	G	W	389	likely_pathogenic
p.Gly389Ala	G	A	389	likely_benign
p.Gly389Glu	G	E	389	likely_pathogenic
p.Ala390Pro	A	P	390	likely_pathogenic
p.Ala390Ser	A	S	390	likely_benign
p.Ala390Thr	A	T	390	likely_benign
p.Ala390Asp	A	D	390	likely_pathogenic
p.Ala390Gly	A	G	390	likely_benign
p.Ala390Val	A	V	390	likely_benign
p.Phe391Ile	F	I	391	likely_benign
p.Phe391Val	F	V	391	likely_benign
p.Phe391Cys	F	C	391	likely_benign
p.Phe391Ser	F	S	391	likely_benign
p.Phe391Tyr	F	Y	391	likely_benign
p.Ile392Leu	I	L	392	likely_benign
p.Ile392Val	I	V	392	likely_benign
p.Ile392Arg	I	R	392	likely_pathogenic
p.Ile392Lys	I	K	392	likely_pathogenic
p.Ile392Thr	I	T	392	likely_benign
p.Ile392Met	I	M	392	likely_benign
p.Ala393Ser	A	S	393	likely_benign
p.Ala393Thr	A	T	393	likely_benign
p.Ala393Asp	A	D	393	likely_pathogenic
p.Ala393Gly	A	G	393	likely_benign
p.Ala393Val	A	V	393	likely_benign
p.Leu394Ile	L	I	394	likely_benign
p.Leu394Phe	L	F	394	likely_benign
p.Leu394Val	L	V	394	likely_benign
p.Leu394Pro	L	P	394	likely_pathogenic
p.Ile395Leu	I	L	395	likely_benign
p.Ile395Phe	I	F	395	likely_benign
p.Ile395Val	I	V	395	likely_benign
p.Ile395Asn	I	N	395	likely_benign
p.Ile395Ser	I	S	395	likely_benign
p.Ile395Thr	I	T	395	likely_benign
p.Ile395Met	I	M	395	likely_benign
p.Thr396Ala	T	A	396	likely_benign
p.Thr396Ser	T	S	396	likely_benign
p.Thr396Ile	T	I	396	likely_benign
p.Ile397Leu	I	L	397	likely_benign
p.Ile397Phe	I	F	397	likely_benign
p.Ile397Val	I	V	397	likely_benign
p.Ile397Thr	I	T	397	likely_benign
p.Ile397Met	I	M	397	likely_benign
p.Asp398Asn	D	N	398	likely_benign
p.Asp398Gly	D	G	398	likely_benign
p.Asp398Val	D	V	398	likely_pathogenic
p.Asp398Glu	D	E	398	likely_benign
p.Arg399Cys	R	C	399	likely_benign
p.Arg399Gly	R	G	399	likely_benign
p.Arg399His	R	H	399	likely_benign
p.Arg399Leu	R	L	399	likely_benign
p.Arg399Pro	R	P	399	likely_pathogenic
p.Val400Leu	V	L	400	likely_benign
p.Val400Met	V	M	400	likely_benign
p.Val400Ala	V	A	400	likely_benign
p.Val400Glu	V	E	400	likely_pathogenic
p.Val400Gly	V	G	400	likely_benign
p.Gly401Arg	G	R	401	likely_pathogenic
p.Gly401Cys	G	C	401	likely_pathogenic
p.Gly401Ala	G	A	401	likely_pathogenic
p.Gly401Asp	G	D	401	likely_pathogenic
p.Gly401Val	G	V	401	likely_pathogenic
p.Arg402Gly	R	G	402	likely_pathogenic
p.Arg402Ser	R	S	402	likely_pathogenic
p.Arg402Leu	R	L	402	likely_pathogenic
p.Arg402Pro	R	P	402	likely_pathogenic
p.Ile403Leu	I	L	403	likely_benign
p.Ile403Phe	I	F	403	likely_benign
p.Ile403Val	I	V	403	likely_benign
p.Ile403Met	I	M	403	likely_benign
p.Tyr404Asn	Y	N	404	likely_benign
p.Tyr404His	Y	H	404	likely_benign
p.Tyr404Cys	Y	C	404	likely_benign
p.Tyr404Phe	Y	F	404	likely_benign
p.Tyr404Ser	Y	S	404	likely_benign
p.Pro405Ala	P	A	405	likely_benign
p.Pro405Ser	P	S	405	likely_benign
p.Pro405Thr	P	T	405	likely_benign
p.Pro405Arg	P	R	405	likely_pathogenic
p.Pro405His	P	H	405	likely_pathogenic
p.Pro405Leu	P	L	405	likely_benign
p.Met406Leu	M	L	406	likely_benign
p.Met406Val	M	V	406	likely_benign
p.Met406Arg	M	R	406	likely_pathogenic
p.Met406Lys	M	K	406	likely_pathogenic
p.Met406Thr	M	T	406	likely_benign
p.Ala407Pro	A	P	407	likely_pathogenic
p.Ala407Ser	A	S	407	likely_benign
p.Ala407Thr	A	T	407	likely_benign
p.Ala407Asp	A	D	407	likely_pathogenic
p.Ala407Gly	A	G	407	likely_benign
p.Ala407Val	A	V	407	likely_benign
p.Met408Leu	M	L	408	likely_benign
p.Met408Val	M	V	408	likely_benign
p.Met408Arg	M	R	408	likely_pathogenic
p.Met408Lys	M	K	408	likely_pathogenic
p.Met408Thr	M	T	408	likely_benign
p.Met408Ile	M	I	408	likely_benign
p.Ser409Ala	S	A	409	likely_benign
p.Ser409Pro	S	P	409	likely_pathogenic
p.Ser409Thr	S	T	409	likely_benign
p.Asn410Asp	N	D	410	likely_benign
p.Asn410His	N	H	410	likely_benign
p.Asn410Tyr	N	Y	410	likely_benign
p.Asn410Ile	N	I	410	likely_benign
p.Asn410Ser	N	S	410	likely_benign
p.Asn410Thr	N	T	410	likely_benign
p.Asn410Lys	N	K	410	likely_pathogenic
p.Leu411Met	L	M	411	likely_benign
p.Leu411Val	L	V	411	likely_benign
p.Leu411Phe	L	F	411	likely_benign
p.Leu412Met	L	M	412	likely_benign
p.Leu412Val	L	V	412	likely_benign
p.Leu412Ser	L	S	412	likely_benign
p.Leu412Phe	L	F	412	likely_benign
p.Ala413Pro	A	P	413	likely_pathogenic
p.Ala413Ser	A	S	413	likely_benign
p.Ala413Thr	A	T	413	likely_benign
p.Ala413Glu	A	E	413	likely_pathogenic
p.Ala413Gly	A	G	413	likely_benign
p.Ala413Val	A	V	413	likely_benign
p.Gly414Arg	G	R	414	likely_pathogenic
p.Gly414Trp	G	W	414	likely_pathogenic
p.Gly414Ala	G	A	414	likely_benign
p.Gly414Glu	G	E	414	likely_pathogenic
p.Ala415Pro	A	P	415	likely_pathogenic
p.Ala415Ser	A	S	415	likely_benign
p.Ala415Thr	A	T	415	likely_benign
p.Ala415Glu	A	E	415	likely_pathogenic
p.Ala415Gly	A	G	415	likely_benign
p.Ala415Val	A	V	415	likely_benign
p.Ala416Pro	A	P	416	likely_pathogenic
p.Ala416Ser	A	S	416	likely_benign
p.Ala416Thr	A	T	416	likely_benign
p.Ala416Asp	A	D	416	likely_pathogenic
p.Ala416Gly	A	G	416	likely_benign
p.Ala416Val	A	V	416	likely_benign
p.Cys417Arg	C	R	417	likely_pathogenic
p.Cys417Gly	C	G	417	likely_benign
p.Cys417Tyr	C	Y	417	likely_pathogenic
p.Cys417Trp	C	W	417	likely_pathogenic
p.Leu418Ile	L	I	418	likely_benign
p.Leu418Phe	L	F	418	likely_benign
p.Leu418Val	L	V	418	likely_benign
p.Leu418Arg	L	R	418	likely_pathogenic
p.Leu418His	L	H	418	likely_pathogenic
p.Val419Ile	V	I	419	likely_benign
p.Val419Leu	V	L	419	likely_benign
p.Val419Phe	V	F	419	likely_benign
p.Val419Ala	V	A	419	likely_benign
p.Val419Asp	V	D	419	likely_pathogenic
p.Val419Gly	V	G	419	likely_benign
p.Met420Leu	M	L	420	likely_benign
p.Met420Val	M	V	420	likely_benign
p.Met420Thr	M	T	420	likely_benign
p.Ile421Leu	I	L	421	likely_benign
p.Ile421Phe	I	F	421	likely_benign
p.Ile421Val	I	V	421	likely_benign
p.Ile421Asn	I	N	421	likely_benign
p.Ile421Ser	I	S	421	likely_benign
p.Ile421Thr	I	T	421	likely_benign
p.Ile421Met	I	M	421	likely_benign
p.Phe422Ile	F	I	422	likely_benign
p.Phe422Leu	F	L	422	likely_pathogenic
p.Phe422Val	F	V	422	likely_benign
p.Phe422Cys	F	C	422	likely_benign
p.Phe422Ser	F	S	422	likely_benign
p.Phe422Tyr	F	Y	422	likely_benign
p.Ile423Leu	I	L	423	likely_benign
p.Ile423Phe	I	F	423	likely_benign
p.Ile423Val	I	V	423	likely_benign
p.Ile423Ser	I	S	423	likely_benign
p.Ile423Thr	I	T	423	likely_benign
p.Ile423Met	I	M	423	likely_benign
p.Ser424Ala	S	A	424	likely_benign
p.Ser424Pro	S	P	424	likely_benign
p.Ser424Thr	S	T	424	likely_benign
p.Ser424Leu	S	L	424	likely_benign
p.Pro425Ala	P	A	425	likely_benign
p.Pro425Ser	P	S	425	likely_benign
p.Pro425Thr	P	T	425	likely_benign
p.Pro425Arg	P	R	425	likely_benign
p.Pro425His	P	H	425	likely_benign
p.Pro425Leu	P	L	425	likely_benign
p.Asp426Asn	D	N	426	likely_benign
p.Asp426His	D	H	426	likely_benign
p.Asp426Tyr	D	Y	426	likely_benign
p.Asp426Ala	D	A	426	likely_benign
p.Asp426Gly	D	G	426	likely_benign
p.Asp426Val	D	V	426	likely_benign
p.Asp426Glu	D	E	426	likely_benign
p.Leu427Met	L	M	427	likely_benign
p.Leu427Val	L	V	427	likely_benign
p.Leu427Arg	L	R	427	likely_benign
p.Leu427Gln	L	Q	427	likely_benign
p.His428Asn	H	N	428	likely_benign
p.His428Asp	H	D	428	likely_benign
p.His428Tyr	H	Y	428	likely_benign
p.His428Arg	H	R	428	likely_benign
p.His428Leu	H	L	428	likely_benign
p.His428Pro	H	P	428	likely_benign
p.His428Gln	H	Q	428	likely_benign
p.Trp429Gly	W	G	429	likely_benign
p.Trp429Leu	W	L	429	likely_benign
p.Trp429Ser	W	S	429	likely_benign
p.Trp429Cys	W	C	429	likely_pathogenic
p.Leu430Ile	L	I	430	likely_benign
p.Leu430Val	L	V	430	likely_benign
p.Leu430Phe	L	F	430	likely_benign
p.Asn431Asp	N	D	431	likely_benign
p.Asn431His	N	H	431	likely_benign
p.Asn431Tyr	N	Y	431	likely_benign
p.Asn431Ile	N	I	431	likely_benign
p.Asn431Ser	N	S	431	likely_benign
p.Asn431Thr	N	T	431	likely_benign
p.Asn431Lys	N	K	431	likely_benign
p.Ile432Leu	I	L	432	likely_benign
p.Ile432Phe	I	F	432	likely_benign
p.Ile432Val	I	V	432	likely_benign
p.Ile432Asn	I	N	432	likely_benign
p.Ile432Ser	I	S	432	likely_benign
p.Ile432Thr	I	T	432	likely_benign
p.Ile432Met	I	M	432	likely_benign
p.Ile433Leu	I	L	433	likely_benign
p.Ile433Val	I	V	433	likely_benign
p.Ile433Lys	I	K	433	likely_pathogenic
p.Ile433Thr	I	T	433	likely_benign
p.Ile433Met	I	M	433	likely_benign
p.Ile434Leu	I	L	434	likely_benign
p.Ile434Phe	I	F	434	likely_benign
p.Ile434Val	I	V	434	likely_benign
p.Ile434Ser	I	S	434	likely_benign
p.Ile434Thr	I	T	434	likely_benign
p.Ile434Met	I	M	434	likely_benign
p.Met435Leu	M	L	435	likely_benign
p.Met435Val	M	V	435	likely_benign
p.Met435Thr	M	T	435	likely_benign
p.Cys436Arg	C	R	436	likely_pathogenic
p.Cys436Gly	C	G	436	likely_benign
p.Cys436Ser	C	S	436	likely_benign
p.Cys436Phe	C	F	436	likely_benign
p.Cys436Tyr	C	Y	436	likely_pathogenic
p.Cys436Trp	C	W	436	likely_pathogenic
p.Val437Ile	V	I	437	likely_benign
p.Val437Leu	V	L	437	likely_benign
p.Val437Phe	V	F	437	likely_benign
p.Val437Ala	V	A	437	likely_benign
p.Val437Asp	V	D	437	likely_pathogenic
p.Val437Gly	V	G	437	likely_benign
p.Gly438Arg	G	R	438	likely_pathogenic
p.Gly438Ser	G	S	438	likely_benign
p.Gly438Ala	G	A	438	likely_benign
p.Gly438Asp	G	D	438	likely_pathogenic
p.Arg439Gly	R	G	439	likely_pathogenic
p.Arg439Leu	R	L	439	likely_pathogenic
p.Arg439Pro	R	P	439	likely_pathogenic
p.Met440Leu	M	L	440	likely_benign
p.Met440Val	M	V	440	likely_benign
p.Met440Arg	M	R	440	likely_pathogenic
p.Met440Lys	M	K	440	likely_pathogenic
p.Met440Thr	M	T	440	likely_benign
p.Gly441Arg	G	R	441	likely_pathogenic
p.Gly441Ala	G	A	441	likely_benign
p.Gly441Glu	G	E	441	likely_pathogenic
p.Gly441Val	G	V	441	likely_pathogenic
p.Ile442Leu	I	L	442	likely_benign
p.Ile442Val	I	V	442	likely_benign
p.Ile442Met	I	M	442	likely_benign
p.Thr443Ala	T	A	443	likely_benign
p.Thr443Ser	T	S	443	likely_benign
p.Thr443Ile	T	I	443	likely_pathogenic
p.Ile444Leu	I	L	444	likely_benign
p.Ile444Phe	I	F	444	likely_benign
p.Ile444Val	I	V	444	likely_benign
p.Ile444Asn	I	N	444	likely_pathogenic
p.Ile444Thr	I	T	444	likely_benign
p.Ile444Met	I	M	444	likely_benign
p.Ala445Pro	A	P	445	likely_pathogenic
p.Ala445Ser	A	S	445	likely_benign
p.Ala445Thr	A	T	445	likely_benign
p.Ala445Glu	A	E	445	likely_pathogenic
p.Ala445Gly	A	G	445	likely_benign
p.Ala445Val	A	V	445	likely_benign
p.Ile446Leu	I	L	446	likely_benign
p.Ile446Val	I	V	446	likely_benign
p.Ile446Lys	I	K	446	likely_pathogenic
p.Ile446Met	I	M	446	likely_benign
p.Gln447Glu	Q	E	447	likely_benign
p.Gln447Leu	Q	L	447	likely_benign
p.Met448Leu	M	L	448	likely_benign
p.Met448Val	M	V	448	likely_benign
p.Met448Arg	M	R	448	likely_pathogenic
p.Met448Lys	M	K	448	likely_pathogenic
p.Met448Thr	M	T	448	likely_benign
p.Ile449Leu	I	L	449	likely_benign
p.Ile449Val	I	V	449	likely_benign
p.Ile449Asn	I	N	449	likely_benign
p.Ile449Ser	I	S	449	likely_benign
p.Ile449Thr	I	T	449	likely_benign
p.Ile449Met	I	M	449	likely_benign
p.Cys450Arg	C	R	450	likely_pathogenic
p.Cys450Gly	C	G	450	likely_benign
p.Cys450Ser	C	S	450	likely_benign
p.Cys450Phe	C	F	450	likely_benign
p.Cys450Trp	C	W	450	likely_pathogenic
p.Leu451Met	L	M	451	likely_benign
p.Leu451Val	L	V	451	likely_benign
p.Leu451Arg	L	R	451	likely_pathogenic
p.Leu451Pro	L	P	451	likely_pathogenic
p.Val452Leu	V	L	452	likely_benign
p.Val452Glu	V	E	452	likely_pathogenic
p.Asn453Tyr	N	Y	453	likely_pathogenic
p.Asn453Ile	N	I	453	likely_pathogenic
p.Asn453Ser	N	S	453	likely_benign
p.Asn453Thr	N	T	453	likely_benign
p.Asn453Lys	N	K	453	likely_pathogenic
p.Ala454Ser	A	S	454	likely_benign
p.Ala454Thr	A	T	454	likely_benign
p.Ala454Asp	A	D	454	likely_pathogenic
p.Ala454Gly	A	G	454	likely_benign
p.Ala454Val	A	V	454	likely_benign
p.Glu455Gln	E	Q	455	likely_pathogenic
p.Glu455Lys	E	K	455	likely_pathogenic
p.Glu455Ala	E	A	455	likely_pathogenic
p.Glu455Gly	E	G	455	likely_pathogenic
p.Glu455Val	E	V	455	likely_pathogenic
p.Glu455Asp	E	D	455	likely_pathogenic
p.Leu456Met	L	M	456	likely_benign
p.Leu456Val	L	V	456	likely_benign
p.Leu456Arg	L	R	456	likely_pathogenic
p.Leu456Gln	L	Q	456	likely_pathogenic
p.Leu456Pro	L	P	456	likely_pathogenic
p.Tyr457Asn	Y	N	457	likely_pathogenic
p.Tyr457Asp	Y	D	457	likely_pathogenic
p.Tyr457His	Y	H	457	likely_pathogenic
p.Tyr457Cys	Y	C	457	likely_pathogenic
p.Tyr457Phe	Y	F	457	likely_benign
p.Tyr457Ser	Y	S	457	likely_pathogenic
p.Pro458Ala	P	A	458	likely_pathogenic
p.Pro458Ser	P	S	458	likely_pathogenic
p.Pro458Thr	P	T	458	likely_pathogenic
p.Pro458Arg	P	R	458	likely_pathogenic
p.Pro458His	P	H	458	likely_pathogenic
p.Pro458Leu	P	L	458	likely_pathogenic
p.Thr459Arg	T	R	459	likely_pathogenic
p.Thr459Ile	T	I	459	likely_pathogenic
p.Thr459Lys	T	K	459	likely_pathogenic
p.Phe460Ile	F	I	460	likely_benign
p.Phe460Leu	F	L	460	likely_pathogenic
p.Phe460Val	F	V	460	likely_benign
p.Phe460Cys	F	C	460	likely_benign
p.Phe460Ser	F	S	460	likely_benign
p.Phe460Tyr	F	Y	460	likely_benign
p.Val461Ile	V	I	461	likely_benign
p.Val461Leu	V	L	461	likely_benign
p.Val461Phe	V	F	461	likely_benign
p.Val461Asp	V	D	461	likely_pathogenic
p.Arg462Gly	R	G	462	likely_pathogenic
p.Arg462Trp	R	W	462	likely_pathogenic
p.Arg462Lys	R	K	462	likely_pathogenic
p.Arg462Met	R	M	462	likely_pathogenic
p.Arg462Thr	R	T	462	likely_pathogenic
p.Arg462Ser	R	S	462	likely_pathogenic
p.Asn463Ser	N	S	463	likely_benign
p.Asn463Thr	N	T	463	likely_benign
p.Asn463Lys	N	K	463	likely_pathogenic
p.Leu464Ile	L	I	464	likely_benign
p.Leu464Phe	L	F	464	likely_benign
p.Leu464Val	L	V	464	likely_benign
p.Leu464Arg	L	R	464	likely_benign
p.Leu464Pro	L	P	464	likely_pathogenic
p.Gly465Arg	G	R	465	likely_pathogenic
p.Gly465Ala	G	A	465	likely_benign
p.Gly465Glu	G	E	465	likely_pathogenic
p.Gly465Val	G	V	465	likely_pathogenic
p.Val466Leu	V	L	466	likely_benign
p.Val466Met	V	M	466	likely_benign
p.Val466Glu	V	E	466	likely_pathogenic
p.Met467Leu	M	L	467	likely_benign
p.Met467Val	M	V	467	likely_benign
p.Met467Arg	M	R	467	likely_pathogenic
p.Met467Lys	M	K	467	likely_pathogenic
p.Met467Thr	M	T	467	likely_benign
p.Met467Ile	M	I	467	likely_pathogenic
p.Val468Leu	V	L	468	likely_benign
p.Val468Met	V	M	468	likely_benign
p.Val468Ala	V	A	468	likely_benign
p.Val468Glu	V	E	468	likely_pathogenic
p.Val468Gly	V	G	468	likely_benign
p.Cys469Arg	C	R	469	likely_pathogenic
p.Cys469Gly	C	G	469	likely_benign
p.Cys469Phe	C	F	469	likely_pathogenic
p.Cys469Tyr	C	Y	469	likely_pathogenic
p.Cys469Trp	C	W	469	likely_pathogenic
p.Ser470Ala	S	A	470	likely_benign
p.Ser470Pro	S	P	470	likely_pathogenic
p.Ser470Thr	S	T	470	likely_benign
p.Ser470Cys	S	C	470	likely_benign
p.Ser470Phe	S	F	470	likely_pathogenic
p.Ser471Ala	S	A	471	likely_benign
p.Ser471Pro	S	P	471	likely_pathogenic
p.Ser471Thr	S	T	471	likely_benign
p.Ser471Cys	S	C	471	likely_benign
p.Leu472Met	L	M	472	likely_benign
p.Leu472Val	L	V	472	likely_benign
p.Leu472Arg	L	R	472	likely_pathogenic
p.Cys473Arg	C	R	473	likely_pathogenic
p.Cys473Gly	C	G	473	likely_benign
p.Cys473Ser	C	S	473	likely_benign
p.Cys473Phe	C	F	473	likely_pathogenic
p.Cys473Tyr	C	Y	473	likely_pathogenic
p.Cys473Trp	C	W	473	likely_pathogenic
p.Asp474Asn	D	N	474	likely_pathogenic
p.Asp474His	D	H	474	likely_pathogenic
p.Asp474Tyr	D	Y	474	likely_pathogenic
p.Asp474Ala	D	A	474	likely_pathogenic
p.Asp474Gly	D	G	474	likely_pathogenic
p.Asp474Val	D	V	474	likely_pathogenic
p.Asp474Glu	D	E	474	likely_pathogenic
p.Ile475Leu	I	L	475	likely_benign
p.Ile475Val	I	V	475	likely_benign
p.Ile475Arg	I	R	475	likely_pathogenic
p.Ile475Lys	I	K	475	likely_pathogenic
p.Ile475Thr	I	T	475	likely_benign
p.Ile475Met	I	M	475	likely_benign
p.Gly476Arg	G	R	476	likely_pathogenic
p.Gly476Cys	G	C	476	likely_pathogenic
p.Gly476Ser	G	S	476	likely_benign
p.Gly476Ala	G	A	476	likely_benign
p.Gly476Asp	G	D	476	likely_pathogenic
p.Gly476Val	G	V	476	likely_pathogenic
p.Gly477Arg	G	R	477	likely_pathogenic
p.Gly477Trp	G	W	477	likely_pathogenic
p.Gly477Ala	G	A	477	likely_benign
p.Gly477Glu	G	E	477	likely_pathogenic
p.Ile478Leu	I	L	478	likely_benign
p.Ile478Val	I	V	478	likely_benign
p.Ile478Arg	I	R	478	likely_pathogenic
p.Ile478Lys	I	K	478	likely_pathogenic
p.Ile478Thr	I	T	478	likely_pathogenic
p.Ile478Met	I	M	478	likely_benign
p.Ile479Leu	I	L	479	likely_benign
p.Ile479Phe	I	F	479	likely_benign
p.Ile479Val	I	V	479	likely_benign
p.Ile479Asn	I	N	479	likely_pathogenic
p.Ile479Ser	I	S	479	likely_benign
p.Ile479Thr	I	T	479	likely_benign
p.Ile479Met	I	M	479	likely_benign
p.Thr480Ala	T	A	480	likely_benign
p.Thr480Ser	T	S	480	likely_benign
p.Pro481Ser	P	S	481	likely_pathogenic
p.Pro481Thr	P	T	481	likely_pathogenic
p.Pro481Arg	P	R	481	likely_pathogenic
p.Pro481His	P	H	481	likely_pathogenic
p.Pro481Leu	P	L	481	likely_pathogenic
p.Phe482Leu	F	L	482	likely_pathogenic
p.Phe482Cys	F	C	482	likely_pathogenic
p.Phe482Ser	F	S	482	likely_pathogenic
p.Ile483Leu	I	L	483	likely_benign
p.Ile483Val	I	V	483	likely_benign
p.Ile483Arg	I	R	483	likely_pathogenic
p.Ile483Lys	I	K	483	likely_pathogenic
p.Ile483Thr	I	T	483	likely_benign
p.Ile483Met	I	M	483	likely_benign
p.Val484Ile	V	I	484	likely_benign
p.Val484Leu	V	L	484	likely_benign
p.Val484Phe	V	F	484	likely_benign
p.Val484Ala	V	A	484	likely_benign
p.Val484Asp	V	D	484	likely_pathogenic
p.Phe485Ile	F	I	485	likely_pathogenic
p.Phe485Leu	F	L	485	likely_pathogenic
p.Phe485Val	F	V	485	likely_pathogenic
p.Phe485Cys	F	C	485	likely_pathogenic
p.Phe485Ser	F	S	485	likely_pathogenic
p.Phe485Tyr	F	Y	485	likely_benign
p.Arg486Gly	R	G	486	likely_pathogenic
p.Arg486Trp	R	W	486	likely_benign
p.Arg486Met	R	M	486	likely_pathogenic
p.Arg486Thr	R	T	486	likely_pathogenic
p.Arg486Ser	R	S	486	likely_pathogenic
p.Leu487Met	L	M	487	likely_benign
p.Leu487Val	L	V	487	likely_benign
p.Leu487Arg	L	R	487	likely_pathogenic
p.Leu487Pro	L	P	487	likely_pathogenic
p.Arg488Gly	R	G	488	likely_benign
p.Arg488Trp	R	W	488	likely_benign
p.Arg488Lys	R	K	488	likely_benign
p.Arg488Met	R	M	488	likely_benign
p.Arg488Thr	R	T	488	likely_benign
p.Arg488Ser	R	S	488	likely_benign
p.Glu489Gln	E	Q	489	likely_benign
p.Glu489Lys	E	K	489	likely_benign
p.Glu489Ala	E	A	489	likely_benign
p.Glu489Gly	E	G	489	likely_benign
p.Glu489Val	E	V	489	likely_benign
p.Glu489Asp	E	D	489	likely_benign
p.Val490Ile	V	I	490	likely_benign
p.Val490Leu	V	L	490	likely_benign
p.Val490Phe	V	F	490	likely_benign
p.Val490Ala	V	A	490	likely_benign
p.Val490Asp	V	D	490	likely_benign
p.Val490Gly	V	G	490	likely_benign
p.Trp491Arg	W	R	491	likely_pathogenic
p.Trp491Gly	W	G	491	likely_benign
p.Trp491Leu	W	L	491	likely_benign
p.Trp491Ser	W	S	491	likely_benign
p.Trp491Cys	W	C	491	likely_pathogenic
p.Gln492Glu	Q	E	492	likely_benign
p.Gln492Lys	Q	K	492	likely_benign
p.Gln492Arg	Q	R	492	likely_benign
p.Gln492Leu	Q	L	492	likely_benign
p.Gln492Pro	Q	P	492	likely_benign
p.Gln492His	Q	H	492	likely_benign
p.Ala493Pro	A	P	493	likely_benign
p.Ala493Ser	A	S	493	likely_benign
p.Ala493Thr	A	T	493	likely_benign
p.Ala493Asp	A	D	493	likely_benign
p.Ala493Gly	A	G	493	likely_benign
p.Ala493Val	A	V	493	likely_benign
p.Leu494Met	L	M	494	likely_benign
p.Leu494Val	L	V	494	likely_benign
p.Leu494Phe	L	F	494	likely_benign
p.Pro495Ala	P	A	495	likely_pathogenic
p.Pro495Ser	P	S	495	likely_pathogenic
p.Pro495Thr	P	T	495	likely_pathogenic
p.Pro495Arg	P	R	495	likely_pathogenic
p.Pro495His	P	H	495	likely_pathogenic
p.Pro495Leu	P	L	495	likely_pathogenic
p.Leu496Ile	L	I	496	likely_benign
p.Leu496Phe	L	F	496	likely_benign
p.Leu496Val	L	V	496	likely_benign
p.Leu496Arg	L	R	496	likely_benign
p.Leu496Pro	L	P	496	likely_benign
p.Ile497Leu	I	L	497	likely_benign
p.Ile497Phe	I	F	497	likely_benign
p.Ile497Val	I	V	497	likely_benign
p.Ile497Ser	I	S	497	likely_benign
p.Ile497Thr	I	T	497	likely_benign
p.Ile497Met	I	M	497	likely_benign
p.Leu498Met	L	M	498	likely_benign
p.Leu498Val	L	V	498	likely_benign
p.Leu498Ser	L	S	498	likely_benign
p.Leu498Phe	L	F	498	likely_benign
p.Phe499Ile	F	I	499	likely_pathogenic
p.Phe499Leu	F	L	499	likely_pathogenic
p.Phe499Val	F	V	499	likely_pathogenic
p.Phe499Cys	F	C	499	likely_pathogenic
p.Phe499Ser	F	S	499	likely_pathogenic
p.Phe499Tyr	F	Y	499	likely_benign
p.Ala500Pro	A	P	500	likely_pathogenic
p.Ala500Ser	A	S	500	likely_benign
p.Ala500Thr	A	T	500	likely_benign
p.Ala500Glu	A	E	500	likely_pathogenic
p.Ala500Gly	A	G	500	likely_benign
p.Val501Leu	V	L	501	likely_benign
p.Val501Met	V	M	501	likely_benign
p.Val501Ala	V	A	501	likely_benign
p.Val501Glu	V	E	501	likely_pathogenic
p.Val501Gly	V	G	501	likely_benign
p.Leu502Met	L	M	502	likely_benign
p.Leu502Val	L	V	502	likely_benign
p.Leu502Ser	L	S	502	likely_benign
p.Leu502Phe	L	F	502	likely_benign
p.Gly503Arg	G	R	503	likely_pathogenic
p.Gly503Cys	G	C	503	likely_benign
p.Gly503Ser	G	S	503	likely_benign
p.Gly503Ala	G	A	503	likely_benign
p.Gly503Asp	G	D	503	likely_pathogenic
p.Leu504Met	L	M	504	likely_benign
p.Leu504Val	L	V	504	likely_benign
p.Leu504Arg	L	R	504	likely_pathogenic
p.Leu504Gln	L	Q	504	likely_pathogenic
p.Leu504Pro	L	P	504	likely_pathogenic
p.Leu505Ile	L	I	505	likely_benign
p.Leu505Phe	L	F	505	likely_benign
p.Leu505Val	L	V	505	likely_benign
p.Leu505Pro	L	P	505	likely_benign
p.Ala506Pro	A	P	506	likely_pathogenic
p.Ala506Ser	A	S	506	likely_benign
p.Ala506Thr	A	T	506	likely_benign
p.Ala506Asp	A	D	506	likely_pathogenic
p.Ala506Gly	A	G	506	likely_benign
p.Ala507Pro	A	P	507	likely_pathogenic
p.Ala507Ser	A	S	507	likely_benign
p.Ala507Thr	A	T	507	likely_benign
p.Ala507Glu	A	E	507	likely_pathogenic
p.Ala507Gly	A	G	507	likely_benign
p.Gly508Arg	G	R	508	likely_pathogenic
p.Gly508Ala	G	A	508	likely_benign
p.Gly508Glu	G	E	508	likely_pathogenic
p.Gly508Val	G	V	508	likely_benign
p.Val509Leu	V	L	509	likely_benign
p.Val509Met	V	M	509	likely_benign
p.Val509Ala	V	A	509	likely_benign
p.Val509Gly	V	G	509	likely_benign
p.Thr510Ala	T	A	510	likely_benign
p.Thr510Pro	T	P	510	likely_benign
p.Thr510Ser	T	S	510	likely_benign
p.Thr510Arg	T	R	510	likely_pathogenic
p.Thr510Lys	T	K	510	likely_pathogenic
p.Thr510Met	T	M	510	likely_benign
p.Leu511Ile	L	I	511	likely_benign
p.Leu511Val	L	V	511	likely_benign
p.Leu511Arg	L	R	511	likely_benign
p.Leu511Gln	L	Q	511	likely_benign
p.Leu512Ile	L	I	512	likely_benign
p.Leu512Phe	L	F	512	likely_benign
p.Leu512Val	L	V	512	likely_benign
p.Leu512Arg	L	R	512	likely_benign
p.Leu512His	L	H	512	likely_benign
p.Leu513Ile	L	I	513	likely_benign
p.Leu513Arg	L	R	513	likely_pathogenic
p.Leu513His	L	H	513	likely_pathogenic
p.Leu513Pro	L	P	513	likely_pathogenic
p.Pro514Ser	P	S	514	likely_pathogenic
p.Pro514Thr	P	T	514	likely_pathogenic
p.Pro514Arg	P	R	514	likely_pathogenic
p.Pro514Gln	P	Q	514	likely_pathogenic
p.Pro514Leu	P	L	514	likely_pathogenic
p.Glu515Lys	E	K	515	likely_pathogenic
p.Glu515Ala	E	A	515	likely_pathogenic
p.Glu515Gly	E	G	515	likely_pathogenic
p.Glu515Val	E	V	515	likely_pathogenic
p.Glu515Asp	E	D	515	likely_pathogenic
p.Thr516Ala	T	A	516	likely_pathogenic
p.Thr516Pro	T	P	516	likely_pathogenic
p.Thr516Asn	T	N	516	likely_pathogenic
p.Thr516Ile	T	I	516	likely_pathogenic
p.Lys517Gln	K	Q	517	likely_benign
p.Lys517Glu	K	E	517	likely_benign
p.Lys517Arg	K	R	517	likely_benign
p.Lys517Thr	K	T	517	likely_benign
p.Lys517Asn	K	N	517	likely_pathogenic
p.Gly518Arg	G	R	518	likely_pathogenic
p.Gly518Trp	G	W	518	likely_pathogenic
p.Val519Ile	V	I	519	likely_benign
p.Val519Leu	V	L	519	likely_benign
p.Val519Phe	V	F	519	likely_benign
p.Val519Ala	V	A	519	likely_benign
p.Val519Asp	V	D	519	likely_benign
p.Val519Gly	V	G	519	likely_benign
p.Ala520Pro	A	P	520	likely_benign
p.Ala520Ser	A	S	520	likely_benign
p.Ala520Thr	A	T	520	likely_benign
p.Ala520Asp	A	D	520	likely_benign
p.Ala520Gly	A	G	520	likely_benign
p.Ala520Val	A	V	520	likely_benign
p.Leu521Ser	L	S	521	likely_pathogenic
p.Leu521Trp	L	W	521	likely_pathogenic
p.Leu521Phe	L	F	521	likely_pathogenic
p.Pro522Ser	P	S	522	likely_pathogenic
p.Pro522Thr	P	T	522	likely_pathogenic
p.Pro522Arg	P	R	522	likely_pathogenic
p.Pro522Gln	P	Q	522	likely_pathogenic
p.Glu523Gln	E	Q	523	likely_benign
p.Glu523Asp	E	D	523	likely_benign
p.Thr524Ala	T	A	524	likely_benign
p.Thr524Pro	T	P	524	likely_pathogenic
p.Thr524Ser	T	S	524	likely_benign
p.Thr524Asn	T	N	524	likely_benign
p.Thr524Ile	T	I	524	likely_pathogenic
p.Met525Leu	M	L	525	likely_benign
p.Met525Val	M	V	525	likely_benign
p.Met525Thr	M	T	525	likely_benign
p.Met525Ile	M	I	525	likely_benign
p.Lys526Gln	K	Q	526	likely_benign
p.Lys526Glu	K	E	526	likely_benign
p.Lys526Arg	K	R	526	likely_benign
p.Lys526Met	K	M	526	likely_benign
p.Lys526Thr	K	T	526	likely_benign
p.Lys526Asn	K	N	526	likely_benign
p.Asp527Ala	D	A	527	likely_benign
p.Asp527Glu	D	E	527	likely_benign
p.Ala528Pro	A	P	528	likely_pathogenic
p.Ala528Ser	A	S	528	likely_benign
p.Ala528Thr	A	T	528	likely_benign
p.Ala528Asp	A	D	528	likely_pathogenic
p.Ala528Gly	A	G	528	likely_benign
p.Ala528Val	A	V	528	likely_benign
p.Glu529Gln	E	Q	529	likely_benign
p.Glu529Lys	E	K	529	likely_benign
p.Glu529Ala	E	A	529	likely_benign
p.Glu529Gly	E	G	529	likely_benign
p.Asn530Asp	N	D	530	likely_benign
p.Asn530His	N	H	530	likely_benign
p.Asn530Tyr	N	Y	530	likely_benign
p.Asn530Ile	N	I	530	likely_benign
p.Asn530Ser	N	S	530	likely_benign
p.Asn530Thr	N	T	530	likely_benign
p.Asn530Lys	N	K	530	likely_benign
p.Leu531Ile	L	I	531	likely_benign
p.Leu531Phe	L	F	531	likely_benign
p.Leu531Val	L	V	531	likely_benign
p.Leu531Arg	L	R	531	likely_benign
p.Leu531His	L	H	531	likely_benign
p.Leu531Pro	L	P	531	likely_benign
p.Gly532Arg	G	R	532	likely_benign
p.Gly532Trp	G	W	532	likely_benign
p.Gly532Ala	G	A	532	likely_benign
p.Gly532Glu	G	E	532	likely_benign
p.Gly532Val	G	V	532	likely_benign
p.Arg533Gly	R	G	533	likely_benign
p.Arg533Ile	R	I	533	likely_benign
p.Arg533Lys	R	K	533	likely_benign
p.Arg533Thr	R	T	533	likely_benign
p.Arg533Ser	R	S	533	likely_benign
p.Lys534Gln	K	Q	534	likely_benign
p.Lys534Glu	K	E	534	likely_benign
p.Lys534Arg	K	R	534	likely_benign
p.Lys534Ile	K	I	534	likely_benign
p.Lys534Thr	K	T	534	likely_benign
p.Lys534Asn	K	N	534	likely_benign
p.Ala535Pro	A	P	535	likely_benign
p.Ala535Ser	A	S	535	likely_benign
p.Ala535Thr	A	T	535	likely_benign
p.Ala535Glu	A	E	535	likely_benign
p.Ala535Gly	A	G	535	likely_benign
p.Ala535Val	A	V	535	likely_benign
p.Lys536Gln	K	Q	536	likely_benign
p.Lys536Glu	K	E	536	likely_benign
p.Lys536Arg	K	R	536	likely_benign
p.Lys536Met	K	M	536	likely_benign
p.Lys536Thr	K	T	536	likely_benign
p.Lys536Asn	K	N	536	likely_benign
p.Pro537Ala	P	A	537	likely_benign
p.Pro537Ser	P	S	537	likely_benign
p.Pro537Thr	P	T	537	likely_benign
p.Pro537Arg	P	R	537	likely_benign
p.Pro537His	P	H	537	likely_benign
p.Pro537Leu	P	L	537	likely_benign
p.Lys538Gln	K	Q	538	likely_benign
p.Lys538Glu	K	E	538	likely_benign
p.Lys538Arg	K	R	538	likely_benign
p.Lys538Ile	K	I	538	likely_benign
p.Lys538Thr	K	T	538	likely_benign
p.Lys538Asn	K	N	538	likely_benign
p.Glu539Gln	E	Q	539	likely_benign
p.Glu539Lys	E	K	539	likely_benign
p.Glu539Ala	E	A	539	likely_benign
p.Glu539Gly	E	G	539	likely_benign
p.Glu539Val	E	V	539	likely_benign
p.Glu539Asp	E	D	539	likely_benign
p.Asn540Asp	N	D	540	likely_benign
p.Asn540His	N	H	540	likely_benign
p.Asn540Tyr	N	Y	540	likely_benign
p.Asn540Ile	N	I	540	likely_benign
p.Asn540Ser	N	S	540	likely_benign
p.Asn540Thr	N	T	540	likely_benign
p.Asn540Lys	N	K	540	likely_benign
p.Thr541Ala	T	A	541	likely_benign
p.Thr541Pro	T	P	541	likely_benign
p.Thr541Ser	T	S	541	likely_benign
p.Thr541Arg	T	R	541	likely_benign
p.Thr541Lys	T	K	541	likely_benign
p.Thr541Met	T	M	541	likely_benign
p.Ile542Leu	I	L	542	likely_benign
p.Ile542Phe	I	F	542	likely_benign
p.Ile542Val	I	V	542	likely_benign
p.Ile542Asn	I	N	542	likely_benign
p.Ile542Ser	I	S	542	likely_benign
p.Ile542Thr	I	T	542	likely_benign
p.Ile542Met	I	M	542	likely_benign
p.Tyr543Asn	Y	N	543	likely_benign
p.Tyr543Asp	Y	D	543	likely_benign
p.Tyr543His	Y	H	543	likely_benign
p.Tyr543Cys	Y	C	543	likely_benign
p.Tyr543Phe	Y	F	543	likely_benign
p.Tyr543Ser	Y	S	543	likely_benign
p.Leu544Ile	L	I	544	likely_benign
p.Leu544Phe	L	F	544	likely_benign
p.Leu544Val	L	V	544	likely_benign
p.Leu544Arg	L	R	544	likely_benign
p.Leu544His	L	H	544	likely_benign
p.Leu544Pro	L	P	544	likely_benign
p.Lys545Gln	K	Q	545	likely_benign
p.Lys545Glu	K	E	545	likely_benign
p.Lys545Arg	K	R	545	likely_benign
p.Lys545Met	K	M	545	likely_benign
p.Lys545Thr	K	T	545	likely_benign
p.Lys545Asn	K	N	545	likely_benign
p.Val546Ile	V	I	546	likely_benign
p.Val546Leu	V	L	546	likely_benign
p.Val546Phe	V	F	546	likely_benign
p.Val546Ala	V	A	546	likely_benign
p.Val546Asp	V	D	546	likely_benign
p.Val546Gly	V	G	546	likely_benign
p.Gln547Glu	Q	E	547	likely_benign
p.Gln547Lys	Q	K	547	likely_benign
p.Gln547Arg	Q	R	547	likely_benign
p.Gln547Leu	Q	L	547	likely_benign
p.Gln547Pro	Q	P	547	likely_benign
p.Gln547His	Q	H	547	likely_benign
p.Thr548Ala	T	A	548	likely_benign
p.Thr548Pro	T	P	548	likely_benign
p.Thr548Ser	T	S	548	likely_benign
p.Thr548Asn	T	N	548	likely_benign
p.Thr548Ile	T	I	548	likely_benign
p.Ser549Ala	S	A	549	likely_benign
p.Ser549Pro	S	P	549	likely_benign
p.Ser549Thr	S	T	549	likely_benign
p.Ser549Leu	S	L	549	likely_benign
p.Glu550Gln	E	Q	550	likely_benign
p.Glu550Lys	E	K	550	likely_benign
p.Glu550Ala	E	A	550	likely_benign
p.Glu550Gly	E	G	550	likely_benign
p.Glu550Val	E	V	550	likely_benign
p.Glu550Asp	E	D	550	likely_benign
p.Pro551Ala	P	A	551	likely_benign
p.Pro551Ser	P	S	551	likely_benign
p.Pro551Thr	P	T	551	likely_benign
p.Pro551Arg	P	R	551	likely_benign
p.Pro551His	P	H	551	likely_benign
p.Pro551Leu	P	L	551	likely_benign
p.Ser552Ala	S	A	552	likely_benign
p.Ser552Pro	S	P	552	likely_benign
p.Ser552Thr	S	T	552	likely_benign
p.Ser552Leu	S	L	552	likely_benign
p.Ser552Trp	S	W	552	likely_benign
p.Gly553Arg	G	R	553	likely_benign
p.Gly553Cys	G	C	553	likely_benign
p.Gly553Ser	G	S	553	likely_benign
p.Gly553Ala	G	A	553	likely_benign
p.Gly553Asp	G	D	553	likely_benign
p.Gly553Val	G	V	553	likely_benign
p.Thr554Ala	T	A	554	likely_benign
p.Thr554Pro	T	P	554	likely_benign
p.Thr554Ser	T	S	554	likely_benign
p.Thr554Asn	T	N	554	likely_benign
p.Thr554Ile	T	I	554	likely_benign
